,Equity_LargeCap,Equity_MidCap,Equity_SmallCap,International_Equity,Debt_ShortTerm,Gold,Silver,REIT,Fixed_Deposit
2004-01-31,,,,,,,0.03709746401159775,,0.00526169427684775
2004-02-29,,,,,,,0.07661975548137501,,0.00526169427684775
2004-03-31,,,,,,,0.13635750402012525,,0.00526169427684775
2004-04-30,,,,,,,-0.21733282618312688,,0.00526169427684775
2004-05-31,,,,,,,0.027282846327353782,,0.00526169427684775
2004-06-30,,,,,,,-0.041419174299355155,,0.00526169427684775
2004-07-31,,,,,,,0.14297337555697065,,0.00526169427684775
2004-08-31,,,,,,,0.03425445253911463,,0.00526169427684775
2004-09-30,,,,,,,0.011150817237205013,,0.00526169427684775
2004-10-31,,,,,,,0.04288147582203217,,0.00526169427684775
2004-11-30,,,,,,,0.038629623848784655,,0.00526169427684775
2004-12-31,,,,,,,-0.13401925696355788,,0.00526169427684775
2005-01-31,,,,,,,-0.010215583154680297,,0.00526169427684775
2005-02-28,,,,,,,0.08982413983227433,,0.00526169427684775
2005-03-31,,,,,,,-0.021707597605001405,,0.00526169427684775
2005-04-30,,,,,,,-0.045251181464645684,,0.00526169427684775
2005-05-31,,,0.11537100282085189,,,,0.08449484322609702,,0.00526169427684775
2005-06-30,,,0.012862035843436814,,,,-0.059346974642777495,,0.00526169427684775
2005-07-31,,,0.11791267637663516,,,,0.027273777080535355,,0.00526169427684775
2005-08-31,,,0.16777657211863706,,,,-0.04952365370482825,,0.00526169427684775
2005-09-30,,,-0.0013711031476584257,,,,0.09858742180998625,,0.00526169427684775
2005-10-31,,,-0.11205142200656026,,,,0.03791492557679632,,0.00526169427684775
2005-11-30,,,0.1194602098388895,,,,0.11665502774971181,,0.00526169427684775
2005-12-31,,,0.056713095585816165,,,,0.04454484599066855,,0.00526169427684775
2006-01-31,,,0.05061938925073162,,,,0.0902078710078349,,0.00526169427684775
2006-02-28,,,-0.008956462350753647,,,,-0.0053305731554581515,,0.00526169427684775
2006-03-31,,,0.10059829792911534,,,,0.188489930883043,,0.00526169427684775
2006-04-30,,,0.09231698007600508,,,,0.1866873713606918,,0.00526169427684775
2006-05-31,,,-0.057297396365610376,,0.005179562043795327,,-0.05657790498191484,,0.00526169427684775
2006-06-30,,,-0.13756903025952372,,0.004833359475301391,,-0.12678696023452563,,0.00526169427684775
2006-07-31,,,-0.012217639997285534,,0.0051512120669019446,,0.051975650294213915,,0.00526169427684775
2006-08-31,,,0.10972098495519256,,0.005458414816518875,,0.14044707162058656,,0.00526169427684775
2006-09-30,,,0.06103978371983998,,0.005297210097878535,,-0.1269366686294695,,0.00526169427684775
2006-10-31,,,0.044133700506663986,,0.006026118872165975,,0.04601943085551463,,0.00526169427684775
2006-11-30,,,0.02795083119164743,,0.0057807391653565965,,0.13304901266115987,,0.00526169427684775
2006-12-31,,,0.03136262300211867,,0.005758761866198281,,-0.09005545162891615,,0.00526169427684775
2007-01-31,,,0.07313622502130301,,0.006771415790651325,,0.05346076968008373,,0.00526169427684775
2007-02-28,,,-0.0735074172691812,,0.005720601385163393,,0.04362323004531832,,0.00526169427684775
2007-03-31,,,-0.03246161465830866,,0.006908510556049352,,-0.0713039554726923,,0.00526169427684775
2007-04-30,,,0.08029360458781731,,0.007497312594607175,,-0.04431912032761698,,0.00526169427684775
2007-05-31,,,0.07059591284304356,,0.007055019352310676,,-0.012974765571379443,,0.00526169427684775
2007-06-30,,,0.04679916585021804,,0.005173112786831302,,-0.07911672366521505,,0.00526169427684775
2007-07-31,,,0.024793076311966367,,0.005727284460505633,,0.04491410826668396,,0.00526169427684775
2007-08-31,,,-0.0020459771771971225,,0.006095702529715918,,-0.06441286670948143,,0.00526169427684775
2007-09-30,,,0.13671521645980822,,0.0063617085731604295,,0.11531434645782479,,0.00526169427684775
2007-10-31,0.17511222830248774,0.13048534515810561,0.1097661799390468,,0.006421834236403079,,0.031703827553808406,,0.00526169427684775
2007-11-30,-0.02337029049782735,0.04745058396018487,0.09062505846627089,,0.006307393608647516,,-0.021829344394719064,,0.00526169427684775
2007-12-31,0.06522061475098684,0.134236855261898,0.18965526037942215,,0.00687795924326795,,0.05408874997936475,,0.00526169427684775
2008-01-31,-0.16309091428288258,-0.271458556262674,-0.22854239721210867,,0.006836154973561603,,0.14738108206840272,,0.00526169427684775
2008-02-29,0.01674951608601738,0.008425808846264093,-0.01402845604240932,,0.00642453359120676,,0.18646979768057648,,0.00526169427684775
2008-03-31,-0.0936153919785584,-0.15314583168964635,-0.15626753522775416,,0.0070990493713587455,,-0.12833656406026905,,0.00526169427684775
2008-04-30,0.0911183656867145,0.15577438353744477,0.1029049098327981,,0.006683616765373435,,-0.032844585715993024,,0.00526169427684775
2008-05-31,-0.05726007283906076,-0.0537730824179935,-0.054562831647659404,,0.006775354647469145,,0.07385291407129957,,0.00526169427684775
2008-06-30,-0.17033531800041413,-0.24555179437622898,-0.16557607816125774,,0.007260527765259761,,0.043054494553281364,,0.00526169427684775
2008-07-31,0.07236642114337366,0.08508583332210407,0.02359860827550242,,0.007446808510638059,,0.00900437470374138,,0.00526169427684775
2008-08-31,0.006242814587798184,0.012103438224585261,0.025245947382826595,,0.0077618450789018745,,-0.2118923813039073,,0.00526169427684775
2008-09-30,-0.10064221303397358,-0.16598033002781398,-0.18991741948458085,,0.007824473268015275,,-0.039805131336240085,,0.00526169427684775
2008-10-31,-0.2641027915972838,-0.2998855958445893,-0.3220675488805955,,0.008084380723805129,,-0.15664791231974007,,0.00526169427684775
2008-11-30,-0.04522456181852608,-0.07044669176786378,-0.12109798197229749,,0.007831589499405212,,0.05665757094232027,,0.00526169427684775
2008-12-31,0.07406257393736215,0.12988118541639104,0.09317565634409197,,0.007732476400883259,,0.06647936733678672,,0.00526169427684775
2009-01-31,-0.02850475856218604,-0.11066426159573872,-0.08768751673448905,,0.006633924122714463,,0.12995187868213054,,0.00526169427684775
2009-02-28,-0.0386636095020535,-0.07102635070237084,-0.06476301147595742,,0.005581404119114675,0.07707146235874718,0.0827803720065603,,0.00526169427684775
2009-03-31,0.09310153525955589,0.06993617276517794,0.07771068342551701,,0.005761378605549039,-0.009589552602229823,-0.005783201644221414,,0.00526169427684775
2009-04-30,0.14995283183168073,0.17000007754230295,0.1873907793148646,,0.004642361078743162,-0.03712902030434129,-0.08144217117497154,,0.00526169427684775
2009-05-31,0.28066041763547167,0.4903707566123885,0.4846428751260319,,0.004616269682938379,0.02017399968617406,0.21058460995161754,,0.00526169427684775
2009-06-30,-0.035480302257050234,0.014152415967945808,-0.03371648502582192,,0.0041932787468186294,-0.016666677501412264,-0.11445856403693766,,0.00526169427684775
2009-07-31,0.08048055039426294,0.08305034228535102,0.08329000468995273,,0.004309135643496331,0.009178226991479077,0.02268974484168962,,0.00526169427684775
2009-08-31,0.0055322285936949545,0.041097065573905134,0.1045350063338144,,0.003837312599024534,0.03380293500224196,0.09449518538059865,,0.00526169427684775
2009-09-30,0.09048499363373264,0.0818123228232086,0.059219709292610334,,0.003521576498494605,0.02780730506913054,0.09512848759990322,,0.00526169427684775
2009-10-31,-0.07322062288163678,-0.062095935533112545,-0.0688615529991009,,0.0035637659551255307,0.016905285101052936,-0.04166294407872395,,0.00526169427684775
2009-11-30,0.06812827359417972,0.07248633797138604,0.05974052609898295,,0.0036462296626444957,0.10934528103988694,0.12727253499117275,,0.00526169427684775
2009-12-31,0.03345115004700694,0.04521617264836242,0.09203667630268075,,0.0033937927890925756,-0.053295144098270075,-0.09159237748612004,,0.00526169427684775
2010-01-31,-0.06133377144600649,-0.03896447842603323,-0.006585453404172492,,0.003301354274893642,-0.026625293058567423,-0.04424739072110728,,0.00526169427684775
2010-02-28,0.008244487788992672,-0.009274601115998315,-0.0259393381939107,,0.0028108146879637363,0.026507746158946688,0.015209131289469324,,0.00526169427684775
2010-03-31,0.06639178959752479,0.0704788442053037,0.05700311071546449,,0.0038624191976539546,-0.025693003333561726,0.035898226175149706,,0.00526169427684775
2010-04-30,0.005505687033221962,0.05386290505590208,0.05649931260857044,,0.0038653710845304445,0.03915482858436259,0.04970980055937613,,0.00526169427684775
2010-05-31,-0.036320612980769273,-0.06469352589854793,-0.06167717804494455,,0.00396582470522433,0.07545474435285215,0.03508343818268478,,0.00526169427684775
2010-06-30,0.044472446375267705,0.042231818871673266,0.05799122715236282,,0.0038971367974536264,0.031046602005215362,0.01631238373122912,,0.00526169427684775
2010-07-31,0.010371783088235276,0.010699508286479587,0.024301065058736526,,0.004106477935933883,-0.05401756209947717,-0.0374648610913908,,0.00526169427684775
2010-08-31,0.006483308006253186,0.007188560056107907,0.028807012301784285,,0.00441843645210005,0.05989727301382497,0.09037924384232143,,0.00526169427684775
2010-09-30,0.11616139203180742,0.06663234080500247,0.06816245429688639,,0.00475249080268636,0.013428432490996345,0.07138920090403933,,0.00526169427684775
2010-10-31,-0.002031525900416664,0.02716513522623476,0.0357568386493754,,0.005372841307898613,0.006426102054875704,0.11990167211149672,,0.00526169427684775
2010-11-30,-0.025757348317341777,-0.05305547314984582,-0.08981132047119922,,0.005231802098769389,0.05023612251799614,0.1832502703304082,,0.00526169427684775
2010-12-31,0.04636085688038705,-0.0015059089440261353,0.02122300949779743,,0.005758982293278647,0.009873170540973142,0.07297711310757649,,0.00526169427684775
2011-01-31,-0.10246965484656456,-0.12466802211227568,-0.1224005886385422,,0.006657550636697929,-0.02666805217284851,-0.0676043923790709,,0.00526169427684775
2011-02-28,-0.03135725411031476,-0.0948642343582683,-0.06100628258864904,,0.006269685624294086,0.03240815759849758,0.18443848044399536,,0.00526169427684775
2011-03-31,0.09384521633150511,0.08386704716047211,0.06433110373141826,,0.007314758178481595,0.0022775424979306624,0.10449511936152844,,0.00526169427684775
2011-04-30,-0.014441825583886847,0.015886614952882017,0.0455358298137758,-0.0075674685770747985,0.006838673473233081,0.06535592314524163,0.27393272773377775,,0.00526169427684775
2011-05-31,-0.04807372855791803,-0.02878133748760192,-0.032862178727773306,-0.008663766167272935,0.00745772017535784,0.01569595981885219,-0.19767812622453906,,0.00526169427684775
2011-06-30,0.031846631996031105,-0.02134075783184075,-0.00941116167785172,-0.018256037374993483,0.007072229217844006,-0.02588506744793273,-0.09765332225877699,,0.00526169427684775
2011-07-31,-0.029287797075448263,-0.0038858859004342605,0.014497712630757054,0.023639992932810827,0.007362828375586217,0.04564737894313886,0.13237435056235536,,0.00526169427684775
2011-08-31,-0.08774170010944915,-0.10696569712851034,-0.10440605634246058,-0.03623538514149793,0.0071502987091209835,0.16061223226678312,0.08569432618273432,,0.00526169427684775
2011-09-30,-0.011547690461907623,-0.023003002478295453,-0.006723530503629838,0.05253661209636529,0.007107616342264311,-0.026607494543119503,-0.2337839816722589,,0.00526169427684775
2011-10-31,0.07755021446543275,0.027278437742894956,0.028441783697104706,0.10001906803545912,0.007663296421119625,0.031282228506062326,0.13757727023852517,,0.00526169427684775
2011-11-30,-0.09284539554346427,-0.11258246926729998,-0.12578213659495197,-0.011776985563412778,0.007230738602428621,0.06434055901837055,0.017426291258889837,,0.00526169427684775
2011-12-31,-0.04299417605308309,-0.08515077934583537,-0.10264043344215656,0.04793199663489678,0.007601812101230676,-0.05654747214086597,-0.13036096573441391,,0.00526169427684775
2012-01-31,0.12433237886732429,0.20317664058269314,0.15511937625272965,0.0056025078309909215,0.008391888233701739,0.03691213620993383,0.18081053200704456,,0.00526169427684775
2012-02-29,0.03576481133096121,0.11269644305442905,0.07980253113100355,0.0560452174533661,0.007645081469723092,0.016971851139423455,-0.027275024590252328,,0.00526169427684775
2012-03-31,-0.016647550206775108,-0.01976650758312104,-0.010502708649269832,0.09141734403200741,0.008262771580698436,-0.011911955305776045,-0.01769385137658952,,0.00526169427684775
2012-04-30,-0.00895089350340783,-0.04100398529307059,-0.001509759737699512,0.03693817774105845,0.008792454419778384,0.028059278035293733,-0.024218573508466124,,0.00526169427684775
2012-05-31,-0.06171696852620401,-0.10065027927199965,-0.07507087250884936,-0.027342976327737523,0.008469075158770822,0.011804424977853722,-0.041009508896839186,,0.00526169427684775
2012-06-30,0.07202110013580754,0.07681843763069707,0.052320156909141824,0.011444978993241817,0.007667695550704234,0.000684309768087088,0.004274800272980661,,0.00526169427684775
2012-07-31,-0.009452708569373525,-0.03647632065654771,-0.018041457859105936,0.007284277559686414,0.008188362215489908,0.020607219186593362,-0.013063754176465658,,0.00526169427684775
2012-08-31,0.005641614075349022,-0.0314465912192744,-0.0075012820595348195,0.08790281909421638,0.007210380218811485,0.020145718920031586,0.1287338718370763,,0.00526169427684775
2012-09-30,0.08458682222829705,0.12944387479113417,0.1021362939290702,-0.006131027281732759,0.007132873859263089,0.016228069267233636,0.048495259844732796,,0.00526169427684775
2012-10-31,-0.01465811236265191,-0.034651159009489896,-0.0047926192976265325,-0.07331167130189553,0.007170633850298369,-0.010205394793153744,-0.04781237968398544,,0.00526169427684775
2012-11-30,0.04629248773106198,0.052451224888202974,0.05218585829279343,0.030621559628736028,0.00686736437433777,0.012861543129131014,0.04514136789635104,,0.00526169427684775
2012-12-31,0.0042943271649160675,0.03541705652769789,0.024277032510121144,-0.04657332139576209,0.007173806463867338,-0.03295464946182036,-0.09269270909562477,,0.00526169427684775
2013-01-31,0.02195558080297544,-0.018843659563015258,-0.02842476147262729,0.04328605585037337,0.007199632570919601,-0.0014118651582075703,0.011008824072595624,,0.00526169427684775
2013-02-28,-0.0566220962446663,-0.13476134691089192,-0.10702895019915948,-0.010731410831093635,0.006399306565524343,-0.04030123086706083,-0.08438949809071938,,0.00526169427684775
2013-03-31,-0.0018443541441275357,-0.03904950141257135,-0.03985168632029856,0.020866444737889456,0.006811966424409732,0.014553673546147339,0.006177551254736402,,0.00526169427684775
2013-04-30,0.043580857033705955,0.08080696189740966,0.038335817701427244,0.023891752959940504,0.008106219779428159,-0.08448815429074052,-0.1491244205417549,,0.00526169427684775
2013-05-31,0.009401031696040674,-0.03132776972256235,-0.019512515895163562,0.11587785757144142,0.007145037049780756,-0.006003615376958593,-0.04285605899879341,,0.00526169427684775
2013-06-30,-0.024014566661875736,-0.06527484411577777,-0.06939218825039473,0.0001777299512593089,0.006229645246049964,-0.0720571033148838,-0.06579584247275294,,0.00526169427684775
2013-07-31,-0.017151106083782564,-0.03259057968910106,-0.07326628371690302,0.10820893035410095,0.0047374929856058845,0.12152409656529262,0.01892323530939155,,0.00526169427684775
2013-08-31,-0.04705680865769768,-0.033032762192129805,-0.025850978360373422,0.11030939699711095,0.009003889816888044,0.08894747777826995,0.32551811108086715,,0.00526169427684775
2013-09-30,0.048156001572694285,0.06487516860530573,0.04605597863139055,-0.014777338733096279,0.009227932842740927,-0.023901890789796543,-0.1383736960486397,,0.00526169427684775
2013-10-31,0.09831222723447008,0.10619046665789478,0.09825811810894503,0.008549894153708104,0.00857164043836689,0.008267973386907101,-0.017352504469714147,,0.00526169427684775
2013-11-30,-0.019534350919592547,0.04483196286295055,0.04621175255124488,0.04170905758237842,0.007433054090194791,0.003559190434425208,-0.06847051923953396,,0.00526169427684775
2013-12-31,0.02070884543990581,0.05732589897837603,0.07268286546932545,0.040132109439451114,0.007890296848930056,-0.05511129969427375,-0.0419467699509235,,0.00526169427684775
2014-01-31,-0.03402601522842641,-0.07449789897077563,-0.045760526078713726,-0.0029955443750400157,0.00747364606586709,0.017663347306753563,-0.003624895020123642,,0.00526169427684775
2014-02-28,0.030782526531324406,0.017501904012126923,0.04275058364057993,0.01780274798483905,0.006592502154137536,0.030645446623379202,0.10470107825025998,,0.00526169427684775
2014-03-31,0.06806649514585317,0.1367995731452134,0.09916528574727113,-0.05106403361747058,0.007481062698981633,-0.05017104739519518,-0.10203972757854518,,0.00526169427684775
2014-04-30,-0.0011634934431409283,0.024420497620861736,0.05466429926017935,-0.020150432403495677,0.008301716371037493,0.029033125549932537,-0.021806421231169937,,0.00526169427684775
2014-05-31,0.07967718486794761,0.20747615120527407,0.21462351427182758,0.055771419667851596,0.007298914902380105,-0.10544358274412413,-0.04888617942303053,,0.00526169427684775
2014-06-30,0.052752770356707,0.10853311272807176,0.1308521223268777,0.015394300519421034,0.007358120175608995,0.04600536316964132,0.1479586499868044,,0.00526169427684775
2014-07-31,0.014445493325173198,-0.06798311507531796,-0.027801232163104928,0.14546500558277153,0.007219736132315635,-0.014424070692960811,-0.026755897087574643,,0.00526169427684775
2014-08-31,0.03018277995464813,-0.006046778545308995,0.014969161313621138,-0.058074513407155304,0.007216402384712772,0.0006228031785309174,-0.042168224865730686,,0.00526169427684775
2014-09-30,0.001313709718953504,-0.001245405651535969,0.029893141679202095,0.0016387101916177649,0.007133320654452602,-0.03926871479390248,-0.1096717307389159,,0.00526169427684775
2014-10-31,0.04487248887469342,0.05301357961592301,0.026683139969451375,0.02633943065996136,0.007359893369438986,-0.01732931805219995,-0.05647090947199729,,0.00526169427684775
2014-11-30,0.031968685977700195,0.037971040537198464,0.01826699426620526,0.05638801798322546,0.006969861072027461,0.006551314121531204,-0.029987245669496287,,0.00526169427684775
2014-12-31,-0.03557765606351704,-0.016060409578692036,0.007358807943604884,0.0025274221380651163,0.00709669360556453,0.008698661881261449,0.029682828452120447,,0.00526169427684775
2015-01-31,0.06353003041330618,0.037075001704054644,0.04450131030207394,-0.02739316055905061,0.006903191937206676,0.046527184294002266,0.0769589024482753,,0.00526169427684775
2015-02-28,0.004052630540355873,-0.013646177906167511,0.01110773511621832,0.045071221556168606,0.00639343019726013,-0.055141960567704706,-0.04014786380610269,,0.00526169427684775
2015-03-31,-0.039979153946120505,-0.01944456587087251,-0.016784734649707644,0.028430742056256397,0.0078371297958868,-0.015451825824918886,0.0163941289413283,,0.00526169427684775
2015-04-30,-0.03645035920386286,-0.03531784928132986,-0.01757850904473901,0.040783248067574496,0.007127052991775962,0.03555724959842688,-0.013047088036924448,,0.00526169427684775
2015-05-31,0.030819579615596115,0.03608850021054444,0.017593681407310324,-0.015390457966195314,0.007078279425632328,-0.009821933452978437,0.04097747251261841,,0.00526169427684775
2015-06-30,-0.007725052332904658,-0.047302031651939136,-0.02501227183991639,-0.03424779184983473,0.006679009447405404,-0.01626113909157212,-0.06938441063718037,,0.00526169427684775
2015-07-31,0.019639076223337604,0.07196996268972922,0.0888977878450441,0.011129692355912102,0.0067373927786824606,-0.062028616259673375,-0.04590230643287063,,0.00526169427684775
2015-08-31,-0.06581034828863364,-0.08909139868501059,-0.07822772503272502,-0.007194203635955465,0.006514937685515143,0.07117521666127313,0.01975968421638008,,0.00526169427684775
2015-09-30,-0.002810068984054226,0.020562018757516398,0.007233479129402864,0.024673903856776258,0.006286758159443018,-0.018220659363832215,-0.007747161378889755,,0.00526169427684775
2015-10-31,0.014706425263863565,0.03309538156569225,0.023091264638512632,0.0703652544625355,0.006240797450240976,0.022475869483661537,0.0648109175188667,,0.00526169427684775
2015-11-30,-0.016185599425816433,0.029888404604492047,0.029398869975642894,-0.010967616974199457,0.006309722370814841,-0.06070106872949321,-0.07731046586187051,,0.00526169427684775
2015-12-31,0.0013988340198796134,0.0026569693890490242,0.022666283440329504,0.008049738995396405,0.006309320919300365,-0.005779703347166043,-0.026094514502608357,,0.00526169427684775
2016-01-31,-0.04817309686388671,-0.09426974295828316,-0.09818617658809425,-0.005997341087777719,0.0062888888206154014,0.06322255187812642,0.058418922588681976,,0.00526169427684775
2016-02-29,-0.07622082420118592,-0.12042351873657287,-0.13410412716414732,-0.04020138203456791,0.006005419304022652,0.09309429355373844,0.05666947235997566,,0.00526169427684775
2016-03-31,0.10753467037721443,0.17636687801058293,0.12109439033779301,0.019483931450181124,0.007663966509712239,-0.032163660369753266,0.0021948580334145706,,0.00526169427684775
2016-04-30,0.014395728283570719,0.036711887868527304,0.05303771692273429,0.022007218996812794,0.006519201982277956,0.05981467453546996,0.1518605422599033,,0.00526169427684775
2016-05-31,0.039529707851078566,0.017540108242513064,0.006078090513657708,-0.01683330535888672,0.00683834441705744,-0.026314827022759335,-0.09274936022158142,,0.00526169427684775
2016-06-30,0.01564317849243224,0.03453480967484923,0.07903830635318587,-0.006611344181196466,0.00627844360421137,0.04978081999988038,0.1683153298387574,,0.00526169427684775
2016-07-31,0.04232149859732748,0.054496292018420656,0.0417817945330734,0.016791829100516464,0.006219953655601573,0.006841127058754282,0.08646924345972118,,0.00526169427684775
2016-08-31,0.01709789839815934,0.05595600206525364,0.025238963337495646,0.007317414518231757,0.0059400802270592745,0.005632486657324298,-0.08156571360506837,,0.00526169427684775
2016-09-30,-0.019923266121444683,0.018074958223320392,0.005068369818067575,0.013095622994018674,0.005653438665880195,0.0046763123522162164,0.02301188494374129,,0.00526169427684775
2016-10-31,0.0031180049304715407,0.03531887319625704,0.04805679571116617,0.044929751251072236,0.00578199418823333,-0.031679188451940066,-0.07243207894900971,,0.00526169427684775
2016-11-30,-0.0478698772864089,-0.08522995211030893,-0.08645102246704295,0.14888732990095832,0.005648178153214056,-0.03291666628901302,-0.051078907052761524,,0.00526169427684775
2016-12-31,-0.004705476966684885,-0.023412716032615966,-0.02428583739245249,-0.027343244571432668,0.005115827456709798,-0.03063516409442124,-0.03820476326027855,,0.00526169427684775
2017-01-31,0.04587212110720995,0.05575729640389149,0.08018881293848645,0.056308289350933016,0.005744347987822529,0.025773972567081804,0.09708381388052478,,0.00526169427684775
2017-02-28,0.037178911140715254,0.08295616837489894,0.06503412923333096,0.13599995930989572,0.0050429000057203854,0.027160088523832338,0.03435892800439255,,0.00526169427684775
2017-03-31,0.03312653763289486,0.0469042874100718,0.05764823708484901,-0.10046945851176292,0.005741714664785791,-0.033047745726562106,-0.038293413727318315,,0.00526169427684775
2017-04-30,0.014203548678294098,0.06266467333010817,0.07143176825317354,-0.11811067360665495,0.0050198825132270475,0.010773671004278507,-0.06787471380489196,,0.00526169427684775
2017-05-31,0.03409270177731538,-0.036708215760101415,-0.01557547624032074,0.19367349919752952,0.005826904075179051,-0.008538436505656444,0.019105841341507057,,0.00526169427684775
2017-06-30,-0.01042999707678316,0.00722021935642525,0.013433358528221584,0.014130238352615176,0.005330448689193634,-0.01586819091391245,-0.04360364866756927,,0.00526169427684775
2017-07-31,0.058418762504613087,0.060379467891016336,0.04267443454868358,0.0971912754221842,0.005609829244869635,-0.002289573414568702,0.0006604865270938287,,0.00526169427684775
2017-08-31,-0.0157981189946651,-0.017725012279885433,-0.017050861940346995,-0.15045112185759146,0.0054337623163482895,0.03173862364055968,0.04118486906317065,,0.00526169427684775
2017-09-30,-0.013037112307784704,-0.004290902173384237,-0.006129078729323889,-0.013479490700099794,0.005207289945018179,0.0051459442451040616,-0.02939307823841064,,0.00526169427684775
2017-10-31,0.055850705629935105,0.09304531123772652,0.0990981332467964,0.022436114874125,0.00537919106181084,-0.010914218923487762,-0.005649154736020345,,0.00526169427684775
2017-11-30,-0.010522191136698056,0.0172827102467501,0.0319465812912918,0.12063853082092169,0.005171351195149221,-0.002692267996387443,-0.022290779275249473,,0.00526169427684775
2017-12-31,0.029741251588643047,0.06291965776733699,0.04667718294114187,0.12727947449187882,0.005412776384319695,-0.0012357643249488737,0.03568308104822093,,0.00526169427684775
2018-01-31,0.04719534226425215,-0.03360914875514631,-0.029422119221961696,0.03441172773639245,0.005502952067341527,0.03125479914060403,0.003842799379278672,,0.00526169427684775
2018-02-28,-0.04850064623309647,-0.03007128398548231,-0.035679038376324024,0.030421870162607334,0.005054099086398978,0.007881393321343744,-0.03418707414443345,,0.00526169427684775
2018-03-31,-0.0361340749345862,-0.041912707037582875,-0.07386687206636033,-0.03869550600993976,0.006877992855255366,0.0056954642721689375,-0.0025249465207560773,,0.00526169427684775
2018-04-30,0.06186157410049353,0.09767257984637756,0.06920306644140672,0.006508010711035572,0.005608034473028267,0.010598017491091127,0.02803147340826251,,0.00526169427684775
2018-05-31,-0.0002978968807577642,-0.08206918208177139,-0.061899127611926175,0.10088008517807934,0.005711712759458143,0.0011891973780331355,0.017895800927555827,,0.00526169427684775
2018-06-30,-0.0020352347109985347,-0.032385347391913566,-0.08001411023684646,0.026593412642300862,0.006160425526273938,-0.02345039249215064,0.0017316313853628085,,0.00526169427684775
2018-07-31,0.05993860607032264,0.03302602290060341,0.02705090284718281,0.052515389030611814,0.006197279685968615,-0.023092131182669284,-0.039068970999203145,,0.00526169427684775
2018-08-31,0.028529916787742637,0.06676451840776587,0.03658243713389808,0.04372114777172853,0.005992239287823553,0.020506372857444166,-0.03162836473339736,,0.00526169427684775
2018-09-30,-0.06421384398677288,-0.13518038795619514,-0.1672594457396116,0.02957682741975831,0.005820331438382453,-0.0007209809402651812,0.03472779918875113,,0.00526169427684775
2018-10-31,-0.04975555226176587,0.023373052294055396,-0.01427673737774271,-0.08204400966112801,0.006366854854125803,0.04967073748367734,-0.017606726925961325,,0.00526169427684775
2018-11-30,0.047190650362856745,0.010378521720982192,0.013631185422320558,-0.19385676485573655,0.006381002090125376,-0.04881832189493396,-0.05965216535075768,,0.00526169427684775
2018-12-31,-0.001305554996896996,0.031579565682646527,0.033117234159196984,-0.07550948680417169,0.006326661290316116,0.038353924683142804,0.09504414001486827,,0.00526169427684775
2019-01-31,-0.002909041610227092,-0.04904736605217541,-0.05171955777807635,0.09304182298982977,0.0061194680658258616,0.04739384044939099,0.05594470827574494,,0.00526169427684775
2019-02-28,-0.0035500297406169112,-0.01710349886470286,-0.022711942558305442,0.04428341378450451,0.0053260912795547455,0.005247329152939129,-0.02925390282983731,,0.00526169427684775
2019-03-31,0.07204076905258283,0.09024931951804782,0.10159858126758214,-0.010456421370420355,0.006595299801373189,-0.042403231434165134,-0.05377229317588861,,0.00526169427684775
2019-04-30,0.015397613710026015,-0.03231939976397313,-0.014409497285670536,0.09698143789902613,0.005858067426398161,-0.003504204248442555,-0.006185582837072934,,0.00526169427684775
2019-05-31,0.01486612004915,0.02063774494179116,0.015886998985360945,-0.08549744724280728,0.00634845848416532,0.008152022578834295,-0.022482628455457898,0.10495607011398289,0.00526169427684775
2019-06-30,-0.011234793631260787,-0.01829616029470804,-0.0506844949298727,0.059916991229392425,0.005743421713706898,0.05628566870304463,0.03993350685315411,0.03620939509363552,0.00526169427684775
2019-07-31,-0.05690543450834351,-0.10606523929094869,-0.1083865542225918,0.03722423232722405,0.005861234180409625,0.022582099431654123,0.06783212785337045,0.020143727995759253,0.00526169427684775
2019-08-31,-0.00852221622593996,-0.021514319353234,-0.02239394435772246,0.005386042956961434,0.0049247431734009695,0.10252310808889664,0.1544214106725963,0.06145625829482659,0.00526169427684775
2019-09-30,0.04093168487628418,0.0310803184757531,0.04429557989367039,-0.016672756882633366,0.004692566132798781,-0.024467807992834545,-0.08608888685996607,0.02554012998148103,0.00526169427684775
2019-10-31,0.03512150849411788,0.055917142962240485,0.02401977594431326,0.05186694669624181,0.005027493813809292,0.033148790952969076,0.07347236513480526,0.02866490005023592,0.00526169427684775
2019-11-30,0.015036864515372672,0.01791065636693423,0.008622538689388781,0.04858712252715702,0.004214203487661106,-0.019139500200782367,-0.050614070090018615,0.09095185761386171,0.00526169427684775
2019-12-31,0.009323152479122854,-0.004594704638833047,0.005454321259673822,0.035398714441496004,0.004364235680381023,0.03102036510624484,0.04715025094417924,-0.04723290372414024,0.00526169427684775
2020-01-31,-0.01695783625896663,0.04564892072551241,0.07068598521002567,0.052507685690345474,0.004258771730958122,0.04121910413636076,0.012728131771599038,-0.019305542693689004,0.00526169427684775
2020-02-29,-0.0635632233641571,-0.08084306621005133,-0.07108593862664037,-0.07477065649962922,0.003902122723112411,0.0418176761824951,-0.0845017753313374,0.09427508312614341,0.00526169427684775
2020-03-31,-0.23246367755038277,-0.2960626681618227,-0.3372868781957532,-0.018761967210447206,0.005502282272442871,0.022477928193655572,-0.09818105417149825,-0.21701101859990768,0.00526169427684775
2020-04-30,0.14680008032624814,0.1703451271749643,0.12935716195377767,0.13308084691474553,0.00460948902422853,0.1141062736147338,0.054762469608258035,0.06292410139546267,0.00526169427684775
2020-05-31,-0.028357343873711915,-0.00237745298025438,-0.021295720113392758,0.04005941062736751,0.004444781304780321,-0.03711529310979822,0.2492874120428381,-0.09448474508998661,0.00526169427684775
2020-06-30,0.07534208943381238,0.10251644635951274,0.14934652066407628,0.0647847149588634,0.003305014870112144,0.03952180691750984,0.002035584008866609,0.036137446431279585,0.00526169427684775
2020-07-31,0.07487314384298549,0.0378091552078379,0.06224104796699237,0.07775901560724652,0.0027084676989981293,0.10631304187769408,0.2923859157193187,0.045355231014373665,0.00526169427684775
2020-08-31,0.02836061021166114,0.09129105841146168,0.11883156975011477,0.09515203274735717,0.002779548990574643,-0.038184116681507896,0.14643131332661796,0.02685453458309972,0.00526169427684775
2020-09-30,-0.012289808589462159,0.006383441405437562,0.03452778297999659,-0.060755150753120435,0.0026043014586192292,-0.025584469420119715,-0.16789194848156352,-0.0037555901223779165,0.00526169427684775
2020-10-31,0.03510547566305888,-0.00010715116853377005,-0.0047993279066192995,0.005200225976114581,0.0026443268894584815,0.0031688408483789843,0.013570757756948604,-0.04565112793936921,0.00526169427684775
2020-11-30,0.11394126298522589,0.19113599526475045,0.12610757826363117,0.08073255009725977,0.002625437939420827,-0.033393491706390166,-0.05000795495403254,0.03034788246503206,0.00526169427684775
2020-12-31,0.07809420110608234,0.05662212931123323,0.08420327374889847,0.04128363525196099,0.002401685047807911,0.021241826427891297,0.15579325555422385,-0.014148152525308433,0.00526169427684775
2021-01-31,-0.024828822616982826,0.022145182789971463,0.010442333200311404,0.012712062557939996,0.0022476191251941113,-0.02514282226562503,0.018843943275863806,0.02071321287856298,0.00526169427684775
2021-02-28,0.06560887791929848,0.1322498952840696,0.12266173310122475,-0.001726259641514516,0.0025395224867303945,-0.0562720150062046,-0.015658833575549647,-0.0752744774628391,0.00526169427684775
2021-03-31,0.0111190124917242,-0.0035900420303912606,0.008675754189184204,-0.00274322360248902,0.0027772706697961613,-0.05167706412558226,-0.06765895206776196,0.01490611791027785,0.00526169427684775
2021-04-30,-0.004057028265849305,-0.006925462622864531,0.04582492849478692,0.09258566950718228,0.0025384403922437127,0.06340063137889973,0.06397595879431672,-0.03945297229068023,0.00526169427684775
2021-05-31,0.06504638890590897,0.0714699582922067,0.10089189571236656,-0.03811834533844738,0.0025770618106224497,0.04927321981969701,0.0619868591093351,0.05885888882063295,0.00526169427684775
2021-06-30,0.008900852032429851,0.03732379739381253,0.055904306817826876,0.09180535120617184,0.0026586711298910437,-0.04860295110138524,-0.04466698355195087,0.0773966011960292,0.00526169427684775
2021-07-31,0.002642865164742547,0.024562528968481878,0.08033953144872674,0.021548556471541636,0.0026850976978489705,0.03455078221533925,-0.024813073948924513,0.03256408098848418,0.00526169427684775
2021-08-31,0.08685815441979705,-0.020297919263066122,-0.030275010264210755,0.036800280345931746,0.002933911640269571,-0.02600182217322,-0.07205082410698604,0.00406814463088323,0.00526169427684775
2021-09-30,0.02836478642760354,0.10337258775232461,0.057556075270370766,-0.04491807673945192,0.0023440935986811517,-0.027185906455368114,-0.0695237642147023,-0.051817815809150125,0.00526169427684775
2021-10-31,0.003036641123716821,0.028380675748800543,0.0013187686875968385,0.0672261227536064,0.0024645817693356165,0.04481366376114537,0.09432363540333166,0.03117353683031787,0.00526169427684775
2021-11-30,-0.038957944315163195,-0.03843311156145102,-0.00433508222440282,0.03992046127345694,0.003081243974637715,0.000240923410438576,-0.046004104967721116,0.0464208711086731,0.00526169427684775
2021-12-31,0.021836378277336976,0.027417733051685378,0.05396197533772318,0.0018280118279390134,0.0029102250586330314,-0.000722688039264785,0.01621546519168815,-0.057107338321791934,0.00526169427684775
2022-01-31,-0.0008183202904040732,-0.0018249787654773808,-0.0027337795350609317,-0.1087335211373841,0.0028166572236387744,-0.0055448299125976375,-0.032155420922809874,0.08370878572754759,0.00526169427684775
2022-02-28,-0.03148523378512036,-0.06967507937589967,-0.09430753335733666,-0.03210494116541163,0.0027693035619724693,0.0567272764263731,0.08820781584274484,0.030335864211697983,0.00526169427684775
2022-03-31,0.03994602765117583,0.047794927414952726,0.062311159906972335,0.11729638205624537,0.0031365569963011097,0.012158723960578044,0.041634616076070774,-0.005776721665958551,0.00526169427684775
2022-04-30,-0.020738872228345695,-0.0018207053350651758,0.005491699717988574,-0.06789432451430644,0.002731837354640332,0.015185902082114122,-0.0736320811399942,0.03596501221122428,0.00526169427684775
2022-05-31,-0.030287879663418282,-0.047185339165547124,-0.08639779762433186,-0.06933162996112263,0.0029970389171303236,-0.018754189225673512,-0.04885253072529194,0.039002276503005584,0.00526169427684775
2022-06-30,-0.048496989267826196,-0.06240847852497855,-0.06739222861996741,-0.10812413610216565,0.0038346266363631365,-0.0043231499000671025,-0.04658564620496042,-0.051840839478402345,0.00526169427684775
2022-07-31,0.08732434530504896,0.11964809702049561,0.08678259507904795,0.10443776006212802,0.00379957177836987,0.006855645869853433,0.0022671496238251265,-0.013007569321841883,0.00526169427684775
2022-08-31,0.035029841694228736,0.04714348089197595,0.05633891064878682,-0.002618349730512559,0.004588756009693995,-0.0036314081349325678,-0.1175466100398439,-0.0021434340851472777,0.00526169427684775
2022-09-30,-0.03744241848626417,-0.026098624990197883,-0.009374508014221572,-0.08057353880418328,0.004162969151146889,-0.01685652967530238,0.09153793592311388,-0.04764025043751441,0.00526169427684775
2022-10-31,0.053693157701163896,0.0429212225259592,0.01883408071748871,0.016033374957353796,0.004919145089722132,0.0016218650387325173,0.01809377414767055,0.011674939631629577,0.00526169427684775
2022-11-30,0.04142472451938506,0.019015334131225137,0.02977484044894374,0.0017293954595205552,0.005394418178516158,0.043256973205788585,0.1184627557372604,-0.004268690674195885,0.00526169427684775
2022-12-31,-0.034813767827347686,-0.011726954383034172,-0.017593920674311314,-0.04013812266350825,0.0054182838373730835,0.03747233921473403,0.12361982595661747,-0.020005130616956635,0.00526169427684775
2023-01-31,-0.024476278852209377,-0.012945524437747546,-0.0231562088002637,0.06643439436748966,0.0053703081216613935,0.040179466053271495,-0.019858035183368927,-0.022972972042078488,0.00526169427684775
2023-02-28,-0.02028072255941904,-0.020988632170351962,-0.0364457710322279,0.03046273116875775,0.004755493847620418,-0.025888604251831815,-0.1057577845553066,-0.05466612330099818,0.00526169427684775
2023-03-31,0.003224742545449466,0.0011942730783571776,-0.015267559827670918,0.0678191193590496,0.006567217647370116,0.07719890021497,0.14094517154964503,0.023508280619141564,0.00526169427684775
2023-04-30,0.04062558504586766,0.058587638320309665,0.06881043160151168,-0.004023356369393327,0.005192440951720112,0.003524580110659814,0.03409505070713226,0.05612317272289613,0.00526169427684775
2023-05-31,0.02598396848187101,0.06438251297292918,0.05544799128136746,0.10445321230013649,0.006250096802333349,-0.0023414425733613298,-0.05045083949959184,-0.049636755982242264,0.00526169427684775
2023-06-30,0.035320829205574666,0.06152571774510385,0.06363102263921872,0.04032044918217381,0.0053912120531323104,-0.035595534066185874,-0.035437829653783504,-0.05302102481315285,0.00526169427684775
2023-07-31,0.029430846081861972,0.06869366263531718,0.07689533484464262,0.05508121447750747,0.005737235480552716,0.02737778212377684,0.09196494457971771,0.0696699879998075,0.00526169427684775
2023-08-31,-0.02531158461791272,0.03327792937167939,0.05074418276640236,-0.01753410876245398,0.00555058106510864,-0.0061192533404015315,-0.010011620825909895,-0.004451899482886379,0.00526169427684775
2023-09-30,0.01997008301729397,0.03836299848555158,0.025077124716258448,-0.026326432108740416,0.005371002254426438,-0.02105258372825114,-0.08595753442177789,-0.014942701685196513,0.00526169427684775
2023-10-31,-0.02844956791824016,-0.046746221509411434,-0.01689645342955448,-0.03383927877068604,0.005796389512196631,0.05619802001040464,0.028486059338625802,0.03675869424554379,0.00526169427684775
2023-11-30,0.05521870494244152,0.10224639776851241,0.10215199085143989,0.11468802888442053,0.005599471933711797,0.02093738232490927,0.1078001200767571,0.052255337907387345,0.00526169427684775
2023-12-31,0.07938399947303942,0.07740198155604228,0.05956080626980831,0.05221408132928307,0.006050348689870422,0.009595452622609635,-0.06857016339684041,0.007697766796812555,0.00526169427684775
2024-01-31,-0.0002623471921975318,0.03618495368906882,0.07279954203180328,0.02810507356114189,0.006026964605027052,-0.005777140778466916,-0.02413870445974753,0.10626848882543083,0.00526169427684775
2024-02-29,0.011833983335188147,0.009195630412172973,-0.006535678647890619,0.02406211186331464,0.005847266794625661,-0.010684155784947413,-0.019042337152257782,0.05592057951203322,0.00526169427684775
2024-03-31,0.01565312867996771,-0.01595751558531522,-0.04240211779908276,0.0384428122673659,0.006537563885335107,0.0725654020393236,0.09999604644664117,-0.011209167667225461,0.00526169427684775
2024-04-30,0.012449073265302424,0.04697448642479585,0.10487424658071953,-0.031195632010891372,0.006137397213639817,0.0754283768190398,0.06538122847494265,-0.026866245789873067,0.00526169427684775
2024-05-31,-0.0032802868369559146,0.019880792614096032,-0.013057839434314933,0.039455440899079264,0.005940915598712682,0.0067345571652237535,0.14621384629882117,-0.012704884136357952,0.00526169427684775
2024-06-30,0.06568373117304005,0.08776990110880312,0.09499159151314651,0.08229745054561621,0.005667210358207386,-0.010768475078369644,-0.03348139360931335,0.015606378542969424,0.00526169427684775
2024-07-31,0.03917231541701116,0.06049843432007207,0.04891278913549324,-0.0399852257506057,0.006011335612444713,-0.03216230791005115,-0.012301128274030293,0.020713787198926026,0.00526169427684775
2024-08-31,0.011412299454817587,-0.0025717505991549316,0.012382995319812684,0.023288543305038045,0.005527917684755135,0.03374232331184368,0.00022798466710804988,0.08643276784658238,0.00526169427684775
2024-09-30,0.022782988118133174,0.01591864729634862,0.013233126608054313,0.01963235801999419,0.005980941283129315,0.047642588145699216,0.08237154158166993,0.004560140223624831,0.00526169427684775
2024-10-31,-0.062202524298806905,-0.07959024903765788,-0.03582156180838292,0.019560966431132254,0.005827436526496088,0.05302909476542483,0.052444191154776165,0.029138742865453704,0.00526169427684775
2024-11-30,-0.003067503721212228,0.010177250032207263,-0.0019576142192857526,0.05779756037417294,0.005416230149218437,-0.039300617534063775,-0.05599553646373001,-0.060431980663577356,0.00526169427684775
2024-12-31,-0.020152369183212504,0.017604408872290644,0.002020765042021644,0.21793268573419522,0.005981348231049566,-0.003110974876163297,-0.04218612602497429,-0.005169216379580788,0.00526169427684775
2025-01-31,-0.005768726574899463,-0.06422897221686619,-0.1070962945718148,-0.03659965151465616,0.0058548080108611344,0.07785935057409143,0.12129331769937224,0.01786007209570384,0.00526169427684775
2025-02-28,-0.058859860683111886,-0.09418917825962148,-0.12658467576113697,-0.10873674939355238,0.005372579242641118,0.02924140980781398,-0.020667136124180585,-0.015939963748227703,0.00526169427684775
2025-03-31,0.06303590285390537,0.075438543094561,0.09097442804341371,-0.013483367728452156,0.0067082728979539485,0.043038048574671306,0.08111799783882234,0.0034319241765405906,0.00526169427684775
2025-04-30,0.03464592443705139,0.05167701490126997,0.016909398070558357,-0.06558277264605739,0.0058745775726127825,0.0664777836075019,-0.05995753737184928,0.04454293196933601,0.00526169427684775
2025-05-31,0.017115829300808905,0.044717012342715634,0.0959409723133986,0.05597163116227155,0.005408998712772339,0.005057548924013222,0.013358593072644087,0.014119003113631345,0.00526169427684775
2025-06-30,0.030962824756055607,0.05295981645222936,0.0573128431997969,0.0778038899516047,0.005272700890523563,0.006290099552611617,0.09119190321511006,0.02123751066046231,0.00526169427684775
2025-07-31,-0.029341211031532977,-0.037619703721188946,-0.03672087294844406,0.07939053722608391,0.0047986534905148925,0.027628442849023438,0.046479213054253954,0.015892157910040616,0.00526169427684775
2025-08-31,-0.013787757577143567,-0.03069864143400114,-0.03721945313297459,-0.018579841768352257,0.0046512923673012185,0.038199507374988784,0.09826210054089368,-0.004936046026793539,0.00526169427684775
2025-09-30,0.007542929315341729,0.014677318482635648,0.011304853340060594,0.08785836451785856,0.004700171043051871,0.12315447137609103,0.1651894126894946,0.08781295888338136,0.00526169427684775
2025-10-31,0.04514223328634981,0.06653331773648974,0.037210788553413865,0.09969420668296247,0.004706154351317826,0.04350545889754165,0.03682199025105004,0.01663781245535101,0.00526169427684775
2025-11-30,0.01869402640831641,0.024505623260496545,-0.0335742246481191,-0.052341046379168366,0.004775515890853788,0.04599086440615774,0.18579582092877134,0.010307714335464624,0.00526169427684775
2025-12-31,-0.0027992883076883857,-0.009699793803153667,-0.002859663799532397,-0.0005177782834412392,0.004940155752098718,0.052475604278732435,0.24812276763050178,0.019938626473750443,0.00526169427684775
2026-01-31,-0.030959112686126167,-0.032502557710066715,-0.05521807666806511,-0.0046194676927114875,0.004201621210053297,0.19080913986354808,0.14131724482377872,-0.0024349447198769303,0.00526169427684775
2026-02-28,-0.00560807079634007,0.004334063730849325,0.007460270938018931,-0.023291096348241336,0.005217204289578836,0.003660852686114824,0.1738396306189114,-0.007279930727325579,0.00526169427684775
2026-03-31,-0.11308191486943808,-0.10630398205402691,-0.10028301837482578,0.028198369269873735,0.004995241098801451,-0.07910336762386572,-0.16447500022730688,-0.011152156245275546,0.00526169427684775
2026-04-30,0.07461020632295279,0.1267507226446023,0.17095969052255033,0.2920878556734934,0.006601115847118422,0.018483355216141195,-0.009626967997634628,0.026254407673461877,0.00526169427684775
2026-05-31,-0.01874361201899999,0.03601663149711243,0.015593645572794301,0.12344149152067962,0.004865672811078303,0.04229112515921862,0.04057303731833484,0.005673782229704827,0.00526169427684775
2026-06-30,0.013504474949835865,0.005966056225448435,0.042855279136501334,-0.030883679542735742,0.006490747580150558,-0.09856193763976351,-0.2237333350838886,0.025446532784438425,0.00526169427684775
2026-07-31,0.021698442721263644,0.02903961985611736,0.011263895113236444,-0.06306032318538601,0.005064780293063675,0.009830123115019296,-0.022574413773289947,-0.00011421090372065734,0.00526169427684775
2026-08-31,-0.01243455534077198,0.021296963008868852,0.02523447167075621,0.08853797817590126,0.005327659647986316,0.0871829820789034,0.14619066708193706,0.01558329915803669,0.00526169427684775
2026-09-30,-0.06062819339346992,-0.07910412984379811,-0.031204861736785605,-0.03780854032830738,0.004744427531659712,-0.05246622935271128,-0.08608437129021096,-0.009259253459379058,0.00526169427684775
