income,rent,food,travel,shopping,emi,savings,score
69934.28,13165.49,8501.68,2629.92,1581.56,1299.25,42756.39,68.79
57234.71,9697.88,3568.47,2552.33,1980.81,64.52,39370.71,83.3
72953.77,12214.54,4332.22,1290.85,2752.26,1317.53,51046.37,75.65
90460.6,19898.91,9097.01,161.45,872.95,829.21,59601.07,76.93
55316.93,13768.04,2575.4,105.01,572.36,833.2,37462.93,77.07
55317.26,5697.29,3254.23,73.85,496.03,904.5,44891.36,80.13
91584.26,18689.56,7648.47,6153.15,3646.37,1850.95,53595.75,80.02
75348.69,17721.6,7318.91,1441.95,1515.55,287.52,47063.17,77.4
50610.51,6533.64,2712.77,4026.34,433.22,372.77,36531.77,70.4
70851.2,14705.81,4576.8,2002.13,2290.68,1344.94,45930.85,73.34
50731.65,2812.88,5499.8,1530.33,1770.25,1315.62,37802.77,74.66
50685.4,5385.28,2846.1,1822.77,832.77,932.56,38865.91,77.42
64839.25,13997.73,3270.32,4047.21,381.5,973.01,42169.47,77.06
21734.4,6172.04,1534.38,347.23,1530.51,104.97,12045.26,69.87
25501.64,4402.62,1192.85,165.3,418.99,1216.87,18105.02,63.11
48754.25,7621.5,3094.46,1979.57,1469.98,2833.15,31755.59,80.05
39743.38,3483.71,3020.56,786.87,637.52,158.59,31656.14,79.38
66284.95,25775.77,5504.22,1936.44,686.87,876.79,31504.86,64.04
41839.52,6687.05,1317.69,2178.03,1093.54,2667.83,27895.38,79.61
31753.93,958.84,1929.36,1081.96,255.84,399.99,27127.93,70.82
89312.98,9720.63,7766.34,4324.17,2879.61,2374.83,62247.4,72.93
55484.47,11745.81,4110.7,2179.71,2931.46,1205.4,33311.39,84.21
61350.56,2630.52,4011.29,4129.78,774.42,972.68,48831.87,82.7
31505.04,3798.6,2367.56,1928.05,440.19,1501.29,21469.36,70.72
49112.35,2623.12,1301.12,1876.04,451.62,783.55,42076.9,83.72
62218.45,12256.96,2916.53,3534.05,822.59,903.06,41785.28,76.18
36980.13,4728.33,1307.84,3823.72,576.5,542.71,26001.04,76.0
67513.96,12965.42,4107.9,1911.02,2502.1,690.33,45337.19,80.06
47987.23,8785.16,4888.22,1277.24,1288.34,1714.7,30033.56,72.84
54166.13,15752.69,1752.64,3913.41,2109.93,133.13,30504.32,73.72
47965.87,13482.67,2890.12,2095.15,728.4,301.03,28468.51,71.75
97045.56,4291.57,3659.58,357.39,2637.62,1156.29,84943.11,84.61
59730.06,10292.19,1705.17,6649.93,1285.97,1641.76,38155.03,69.99
38845.78,11839.52,2599.21,60.73,64.71,457.96,23823.65,79.01
76450.9,12007.8,2076.19,5274.73,134.6,2204.85,54752.73,83.53
35583.13,11527.98,2383.01,2530.15,87.29,489.72,18564.98,73.61
64177.27,7268.14,4766.76,9819.04,1227.56,3892.59,37203.18,73.62
20806.6,4715.05,752.09,57.9,691.14,444.85,14145.57,74.4
33436.28,10024.56,1971.1,1518.78,333.02,1576.78,18012.04,68.0
63937.22,4355.14,7592.8,1784.93,284.67,1752.06,48167.62,86.32
74769.33,8827.94,711.85,1500.71,885.82,429.89,62413.14,83.14
63427.37,19176.04,3119.54,300.2,1320.56,222.28,39288.74,70.2
57687.03,8423.71,6950.7,2385.45,426.23,649.31,38851.64,79.31
53977.93,10806.98,3915.66,1759.91,313.42,1477.35,35704.61,75.1
30429.56,6858.38,2843.05,168.02,172.42,386.83,20000.86,74.58
45603.12,4213.77,4630.55,2161.62,2884.15,97.0,31616.03,79.85
50787.22,10416.28,4812.24,3400.79,256.12,2613.9,29287.88,69.25
81142.44,14189.15,5826.52,5914.93,2244.25,2915.74,50051.85,75.69
66872.37,5872.04,5407.8,7883.63,4294.74,610.68,42803.47,74.74
24739.2,2539.01,858.71,651.55,939.59,1307.06,18443.28,82.73
66481.68,20228.91,3390.92,10168.9,417.96,3341.79,28933.2,68.13
52298.35,3704.26,5570.31,5244.65,2796.91,1596.09,33386.13,75.55
46461.56,10127.21,5052.13,817.0,233.61,175.35,30056.26,68.74
72233.53,11132.51,4339.32,626.63,871.5,81.75,55181.83,85.43
80619.99,18341.31,4993.29,2304.2,1242.2,256.8,53482.19,80.74
78625.6,16808.15,2695.8,2020.66,544.03,343.05,56213.91,76.28
43215.65,6011.0,3414.36,1852.57,1008.09,1703.95,29225.68,84.99
53815.75,4984.43,554.84,2356.04,519.73,283.55,45117.16,84.6
66625.27,18499.08,2277.49,4617.94,4192.08,1420.94,35617.74,68.93
79510.9,20004.23,5444.8,2835.06,1089.91,1054.53,49082.37,76.63
50416.52,8113.2,3048.15,279.14,1638.63,1252.88,36084.52,75.83
56286.82,8275.22,3574.02,5499.17,2853.15,552.85,35532.41,82.6
37873.3,2375.59,1989.68,702.02,1118.35,421.82,31265.85,85.47
36075.87,8016.08,464.05,6404.85,2236.15,26.06,18928.67,70.87
76250.52,21951.33,7965.76,478.11,2906.67,1163.3,41785.35,82.13
87124.8,5393.5,3692.42,13835.78,2077.83,1570.84,60554.43,75.32
58559.8,4150.21,3620.65,279.4,951.77,781.18,48776.59,87.05
80070.66,7497.62,8814.08,1051.77,278.94,165.51,62262.72,85.85
67232.72,6429.71,6017.31,160.35,1274.17,478.86,52872.33,81.03
47097.6,6476.12,5331.47,2875.69,409.93,2205.04,29799.35,72.89
67227.91,8721.92,2978.54,6383.67,3002.08,899.74,45241.95,82.26
90760.73,5264.91,4040.38,2583.44,725.78,1125.95,77020.27,91.27
59283.48,17425.04,5883.87,7820.58,1287.86,361.1,26505.03,60.7
91292.87,6474.69,5320.7,4073.16,3005.48,2731.16,69687.69,92.75
8000.0,1068.38,278.77,397.71,56.35,235.51,5963.28,80.33
76438.05,6472.37,9038.41,7135.64,1827.97,3349.41,48614.25,75.68
61740.94,15593.59,2416.26,1086.99,792.13,1124.73,40727.23,72.6
54019.85,5813.25,3091.51,1181.33,1704.09,3264.21,38965.47,83.81
61835.22,9358.12,3491.79,7308.77,266.8,2018.96,39390.78,78.15
20248.62,6118.49,1542.55,2341.01,1232.78,244.85,8768.93,66.93
55606.56,6295.85,1947.05,10426.29,1340.79,306.63,35289.95,77.8
67142.25,11078.82,648.06,7792.33,3451.77,791.34,43379.94,82.63
89557.88,6952.72,6454.85,610.1,3539.53,1442.45,70558.23,88.75
49634.6,6552.72,3368.08,4307.55,481.82,477.22,34447.2,74.05
43830.13,8482.35,880.88,1155.71,1481.92,1513.32,30315.95,73.09
49964.86,3046.81,2649.35,11713.51,2452.0,339.2,29763.99,74.6
78308.04,9034.18,1553.57,2502.69,3306.34,1599.56,60311.7,94.09
66575.02,11232.3,5434.37,2686.53,1688.51,2556.58,42976.74,75.73
49404.8,1788.71,1077.53,1863.9,503.55,564.12,43606.97,86.06
70265.35,13287.91,5198.44,1363.92,1985.43,995.02,47434.64,82.5
61941.55,9893.13,5088.79,241.53,1700.8,2845.63,42171.67,75.33
79372.9,7828.54,4572.42,8969.2,1132.18,165.11,56705.46,84.5
45958.94,6599.06,5269.73,3729.35,311.91,309.5,29739.38,74.55
53446.76,16056.0,227.33,401.58,1277.28,1610.8,33873.76,80.95
52157.84,2532.85,4795.39,3910.65,432.76,26.35,40459.83,75.52
30729.7,4225.45,2099.39,1510.5,451.33,1075.64,21367.39,86.46
65922.41,16632.01,6088.11,1734.36,2056.37,4746.76,34664.8,70.06
65221.11,5201.98,7235.91,955.68,547.61,66.05,51213.88,84.54
60102.27,6444.27,3473.72,5902.58,309.13,320.05,43652.52,79.09
55308.26,12808.21,3081.11,3331.22,165.9,2198.5,33723.31,68.53
31692.59,4406.89,3431.54,1257.4,854.48,323.65,21418.62,78.37
51587.09,4772.85,2061.88,2425.89,1471.98,594.2,40260.29,79.05
53145.71,3044.07,4280.11,253.73,776.64,1449.39,43341.78,84.56
43954.45,9294.06,3164.39,1411.6,1696.28,623.83,27764.3,69.64
56774.29,18283.25,5941.32,611.17,1017.09,398.53,30522.92,69.88
68081.02,10495.56,976.7,795.45,1232.17,694.53,53886.6,81.0
97723.72,20061.58,1309.53,5290.04,1557.5,324.73,69180.34,84.84
63491.56,6223.89,2800.0,7688.83,195.87,93.26,46489.7,81.18
65151.01,4523.92,3715.83,1684.5,740.05,1100.85,53385.86,82.41
58511.08,2882.45,4098.06,681.3,141.47,447.27,50260.54,82.36
21624.58,3970.93,669.6,1131.23,305.88,66.0,15480.93,76.37
59469.72,15086.85,582.29,6093.84,1998.76,412.69,35295.29,74.68
61204.6,7236.28,8001.27,4221.87,136.02,406.2,41202.96,77.69
109264.84,22160.88,4726.27,11094.24,1314.64,3244.12,66724.7,89.2
56152.78,7437.71,5527.8,2159.26,673.71,248.15,40106.15,80.94
66030.95,12572.68,1944.18,4601.79,2145.29,2024.58,42742.43,86.12
59305.76,6681.74,3141.85,447.46,590.39,470.26,47974.08,81.94
36626.44,826.91,803.5,784.05,1418.07,328.74,32465.18,82.88
82856.46,6809.39,9964.8,2044.72,867.05,2012.23,61158.25,79.28
75038.66,7182.35,3033.85,2686.38,2875.0,849.47,58411.61,84.15
75820.64,9919.09,1313.71,10031.64,2794.26,3322.77,48439.16,75.51
41812.25,7450.81,4486.98,4335.57,837.34,496.53,24205.01,69.0
88055.89,3554.79,3813.9,636.1,1633.66,1385.32,77032.12,78.3
31962.98,1733.31,3397.86,303.16,158.13,72.13,26298.38,87.44
71737.14,8806.69,6215.74,1587.57,1610.38,1819.21,51697.55,78.08
103809.11,28308.6,7510.4,1783.12,3956.62,167.92,62082.46,85.68
40189.27,6742.58,3200.19,1916.86,237.97,522.95,27568.71,74.98
48674.05,2724.11,1984.86,5672.32,1882.16,272.58,36138.02,81.79
61993.03,2436.9,2519.96,10160.26,2722.4,737.81,43415.69,78.58
49930.49,5573.48,3113.9,2646.74,463.78,1232.29,36900.29,80.63
28986.73,3468.91,2628.57,2639.45,574.54,882.15,18793.11,67.79
61371.26,14396.63,3731.32,2285.67,3584.05,9.5,37364.1,80.4
38753.93,2117.92,365.22,452.66,475.18,641.04,34701.91,81.86
69471.85,12186.81,5282.7,2583.6,2582.03,1692.74,45143.96,81.57
41611.52,2387.11,2117.88,1684.99,432.67,223.18,34765.69,74.28
90998.69,23703.16,5636.16,6172.31,1551.73,1625.51,52309.83,72.32
44334.93,10261.74,2400.29,550.44,467.3,435.06,30220.09,77.56
53558.77,11938.48,2798.29,1230.13,796.02,2022.32,34773.53,74.51
76270.34,17189.26,4542.13,1726.0,2192.08,791.13,49829.73,80.04
35382.71,3675.71,3309.18,5670.01,740.17,685.65,21301.99,72.66
64549.2,17850.59,1621.03,1894.16,1412.94,953.96,40816.52,84.89
86142.86,10397.69,4212.2,6059.64,844.07,1706.84,62922.41,84.53
27850.34,4904.43,601.27,1934.96,1395.0,607.73,18406.94,71.06
63692.68,17908.26,3321.07,982.86,2900.53,1181.9,37398.06,71.89
65197.66,2152.44,4010.77,2765.45,2066.57,1530.42,52672.01,88.86
75636.46,18077.51,2158.65,8498.43,4737.24,2493.1,39671.54,64.9
35260.99,6381.46,2470.0,1136.7,1157.51,730.42,23384.91,76.85
33590.87,6745.37,2420.07,4874.98,40.27,1173.79,18336.39,63.62
70438.83,5098.68,2375.91,850.13,368.73,117.17,61628.21,91.59
65939.69,4897.22,3887.57,254.04,797.8,1685.29,54417.77,81.44
65009.86,8688.97,703.76,7217.98,2097.98,631.45,45669.72,81.23
66928.96,8918.48,1962.05,6297.28,278.56,1942.83,47529.77,79.28
46399.51,4679.03,2013.95,11379.27,965.07,227.1,27135.1,65.1
64645.07,16779.76,2641.91,3676.82,2122.12,2746.52,36677.94,76.36
65861.45,500.0,1041.3,9087.82,857.16,1281.84,53093.32,79.23
45712.97,5258.35,1033.42,4009.41,1074.28,1045.35,33292.15,81.71
97315.49,4338.45,4541.93,9053.43,2731.81,771.35,75878.52,79.91
69476.66,18887.87,6830.34,2924.88,2166.75,647.25,38019.58,74.05
36173.93,6114.55,3193.35,871.53,622.56,570.74,24801.19,75.24
73131.07,8080.76,4149.2,9969.93,2876.93,1426.94,46627.31,73.8
40506.37,2477.4,3151.94,1146.01,561.26,164.54,33005.22,87.54
75741.69,12389.74,7486.91,2931.07,1608.4,2267.18,49058.39,77.65
83171.91,4157.55,1784.47,2456.89,1655.19,99.72,73018.1,85.33
43586.35,7357.2,4676.76,1813.17,811.15,957.18,27970.88,75.52
79267.52,23100.72,6922.53,2520.04,1933.86,907.17,43883.21,66.79
68255.62,18737.28,6140.26,167.76,3063.02,1984.64,38162.66,85.45
76441.2,5519.06,1699.19,8169.57,222.24,1242.38,59588.76,77.4
97935.86,26432.33,4113.82,2877.82,1685.49,1845.55,60980.84,81.46
55092.24,1352.62,5144.5,2448.92,332.83,679.08,45134.29,82.58
44925.28,5097.44,2750.87,336.67,132.61,1559.13,35048.56,85.6
42209.71,3180.75,2697.13,7.16,491.52,764.87,35068.28,82.34
43683.79,868.75,4272.77,614.68,2123.0,325.89,35478.71,77.66
58457.97,12274.97,2781.48,3564.12,1549.54,1206.65,37081.22,65.93
66823.04,15714.14,5080.82,349.04,1022.07,1565.29,43091.68,67.58
65533.82,15050.58,6962.15,7849.84,738.87,359.19,34573.2,70.47
76543.66,11208.66,8610.77,926.56,2066.3,500.71,53230.66,86.32
60260.04,9801.92,2039.67,689.68,1140.18,1224.37,45364.22,71.78
89070.68,27090.84,3986.38,892.01,1516.27,247.12,55338.07,87.01
54706.86,6236.47,4575.82,38.51,252.42,316.86,43286.77,86.56
114403.38,18795.53,13358.56,8451.87,1056.89,1139.76,71600.78,73.73
72513.35,6849.21,2274.75,7540.37,3146.04,456.66,52246.32,74.65
42856.85,10198.84,3530.4,2040.71,1021.27,1069.72,24995.9,66.69
38582.15,8911.56,2103.06,402.22,298.62,691.37,26175.32,76.49
69649.45,11684.46,7150.42,1169.63,1823.4,390.8,47430.74,77.92
55530.74,8088.9,1969.49,1793.99,2113.08,2767.78,38797.51,77.03
74280.01,11180.48,7667.06,11463.87,857.79,2065.01,41045.8,71.01
69464.75,11364.11,6305.06,986.94,1264.25,687.96,48856.43,79.97
58543.42,1979.97,2760.97,3850.54,1106.39,984.22,47861.33,86.74
43064.13,7165.96,655.77,1246.35,379.36,168.21,33448.48,78.73
29703.06,8449.63,2254.15,525.16,734.64,733.45,17006.02,66.56
51069.7,4308.67,2742.85,1554.18,464.47,1276.73,40722.79,85.96
77127.98,12474.62,942.89,284.87,242.62,1454.65,61728.32,82.62
64281.87,8341.03,6755.08,5151.86,554.52,1118.4,42360.99,79.55
35085.22,3696.83,1790.45,489.07,828.98,1152.52,27127.37,77.94
63463.62,14134.58,6570.6,4101.29,522.39,2541.61,35593.15,78.21
67706.35,6517.59,5213.01,239.67,1274.69,2511.84,51949.55,87.63
42322.85,8921.09,4354.82,6566.99,898.11,93.36,21488.49,74.53
63074.5,9926.53,322.37,676.32,295.01,299.73,51554.56,80.24
61164.17,2727.16,3919.31,6554.9,3892.46,1086.71,42983.62,75.42
37140.59,3368.61,4581.75,3078.89,547.28,832.64,24731.43,78.72
67155.75,9699.04,2260.98,11542.9,2460.62,1764.98,39427.23,73.88
71215.69,6808.95,4640.0,2314.08,1279.88,1369.96,54802.82,81.73
81661.02,10396.76,2021.9,5306.9,2814.48,807.77,60313.21,78.23
81076.04,10645.66,9600.04,1877.58,2278.17,1503.84,55170.76,86.37
32446.61,3031.45,1533.61,330.62,597.57,483.4,26469.97,85.08
41243.5,2548.14,2637.21,1207.05,174.44,376.68,34299.99,80.8
70300.71,12622.15,4435.08,637.0,3446.73,47.08,49112.66,75.75
70275.72,500.0,5632.22,14124.95,512.59,379.33,49126.64,75.54
70300.95,7923.35,2473.45,355.72,342.35,1344.23,57861.86,84.62
137054.63,25235.76,10439.3,6096.72,4390.03,2066.73,88826.1,85.56
71417.81,16785.11,4091.26,3516.4,1766.72,1051.24,44207.09,71.59
82711.31,9652.74,1146.37,3194.16,1363.48,3981.76,63372.81,76.69
79080.04,23903.94,770.15,4291.12,932.45,2022.81,47159.57,76.16
73027.83,4075.62,5101.05,450.96,3378.88,378.58,59642.74,88.29
53694.62,7834.06,550.41,2173.89,326.18,146.9,42663.17,81.52
75179.38,9159.81,4075.48,1272.68,1600.82,2087.4,56983.19,80.59
44543.5,2030.58,1271.73,6272.5,219.61,304.74,34444.33,73.74
55263.63,9460.65,3892.52,3967.34,1663.57,67.12,36212.43,72.57
50292.73,6572.21,4202.74,9037.84,3131.14,789.16,26559.63,74.55
61637.48,3249.97,5104.3,117.97,1740.87,600.56,50823.8,76.88
106293.17,18038.99,8816.31,1783.91,1018.95,3663.18,72971.82,90.95
22654.7,756.03,1555.84,246.3,815.38,414.36,18866.79,80.0
73725.2,14555.01,6677.79,41.35,880.58,1359.58,50210.89,70.68
27745.68,2360.6,1894.9,384.97,315.96,35.94,22753.31,82.09
50561.36,17474.24,2250.5,2870.92,937.07,1748.9,25279.74,71.31
81779.01,6957.96,787.1,1074.49,286.43,2071.07,70601.95,84.52
61285.6,7956.65,6310.79,2179.68,3144.35,505.26,41188.87,81.71
38445.1,6552.18,4620.03,4205.19,835.04,1004.85,21227.81,66.83
45693.93,4423.51,2086.42,2703.66,894.65,721.84,34863.85,82.25
73591.95,16268.2,3242.15,1846.84,3206.45,281.67,48746.64,77.68
45392.67,6623.12,477.57,1057.56,2119.04,203.77,34911.61,77.89
64329.17,1388.28,2971.37,1956.64,826.46,1188.59,55997.83,91.97
60911.44,2596.74,3555.26,593.43,1401.95,1334.14,51429.92,88.78
46967.99,11125.92,1317.79,2360.43,434.24,832.45,30897.17,69.47
102878.88,14092.0,2870.41,2329.16,4112.61,4187.8,75286.89,85.46
72678.38,8626.75,4299.26,6951.74,3689.66,2984.93,46126.04,86.12
19497.15,2603.64,1023.42,1377.33,47.57,440.36,14004.83,81.53
63729.09,3297.6,1929.5,3004.59,3296.61,1751.81,50448.98,77.49
46764.27,5329.98,4766.3,1058.92,318.09,1129.34,34161.63,85.88
77048.67,10121.63,246.58,907.77,919.73,2455.91,62397.05,88.75
44149.59,15212.05,4350.63,3304.13,235.64,660.59,20386.55,61.64
57705.27,7229.46,1787.86,1922.53,1570.04,309.31,44886.06,81.92
70099.75,8574.94,3814.91,892.26,523.02,2744.98,53549.64,83.95
77315.1,10698.03,5314.95,839.37,1339.12,491.14,58632.49,76.68
35994.07,4898.89,2084.7,325.39,487.43,1070.21,27127.46,81.28
53309.98,6129.27,2694.96,4001.73,98.7,319.74,40065.56,91.54
50501.09,10749.29,2316.89,656.64,1366.63,2300.19,33111.45,82.1
46933.42,5226.3,2585.44,1755.08,58.72,2068.67,35239.21,79.54
95309.08,22748.8,8146.09,2862.38,1445.67,1856.53,58249.62,76.57
68099.63,7865.95,5441.9,2950.67,2421.26,465.62,48954.23,81.21
34782.32,7503.3,843.36,3646.63,1270.9,410.71,21107.41,66.88
78357.24,15157.41,8204.31,7926.0,1193.47,2295.54,43580.5,71.7
102443.12,10688.82,2093.75,3072.25,699.44,554.79,85334.07,77.76
80649.31,3630.23,7592.84,62.44,2098.28,2762.86,64502.65,86.23
29612.6,8940.89,2251.04,823.08,797.88,1426.36,15373.36,66.04
50315.32,5698.8,1016.39,2344.43,1741.6,675.28,38838.81,83.0
85338.22,12984.09,7926.95,3481.43,1636.67,471.57,58837.52,80.71
45846.61,3773.77,3507.01,2415.31,1504.26,377.34,34268.91,73.43
68876.39,6281.43,4802.52,576.24,1073.74,1376.68,54765.78,83.7
75492.68,17991.76,2732.18,3925.51,1079.78,985.86,48777.59,73.83
41461.39,10912.82,2593.2,418.12,615.07,1104.27,25817.91,81.33
58809.49,10612.77,1878.59,4082.53,1378.38,1230.42,39626.8,72.62
8000.0,1003.82,479.25,165.65,148.49,184.86,6017.92,72.54
39512.25,7577.1,884.0,2444.85,1739.66,1246.96,25619.68,68.82
54948.64,5382.54,6083.12,134.76,2355.22,413.52,40579.48,73.53
35044.34,5214.86,2074.11,918.18,796.88,1879.38,24160.91,75.23
92648.23,6132.09,4425.28,5655.7,263.01,1637.35,74534.8,79.22
31397.17,1982.91,2354.68,403.94,1616.07,1220.77,23818.8,76.55
51199.11,9081.87,5764.38,4060.46,1589.45,1165.56,29537.4,74.35
62614.81,10080.38,2245.88,3119.35,275.34,608.87,46284.99,77.71
88825.47,13803.89,6929.83,3933.5,3010.47,2156.94,58990.84,68.43
31282.76,3544.55,2004.04,682.37,105.72,611.12,24334.96,84.91
83263.28,12974.97,4624.97,2742.08,325.54,1424.17,61171.55,83.05
60204.66,5182.83,348.18,2738.37,1041.35,2256.66,48637.28,83.73
40369.83,837.01,3022.19,1290.9,3095.04,371.52,31753.17,78.34
69242.07,9562.24,5948.79,4148.87,568.19,2248.6,46765.38,81.99
63981.19,3015.23,6320.14,1819.07,3212.27,1367.02,48247.47,85.25
47995.66,9883.38,4044.92,542.32,1482.96,825.17,31216.91,80.01
61396.04,15831.0,2969.89,738.95,541.81,154.79,41159.61,78.3
52293.73,16583.08,1588.05,15.22,1261.07,1279.56,31566.76,66.5
62270.35,8459.49,426.24,1114.78,3284.79,727.52,48257.53,83.25
73242.61,5901.73,6209.5,5060.97,2111.74,312.34,53646.34,81.96
91720.34,13848.01,5971.13,7248.98,447.56,1503.61,62701.05,77.77
35243.69,4360.99,2032.26,398.66,88.95,116.27,28246.56,75.57
102660.67,14237.35,3322.4,16401.36,3691.04,2519.53,62488.98,81.33
20958.24,4948.5,283.86,731.41,213.53,638.66,14142.29,72.71
56964.3,6238.72,6780.5,7088.23,831.36,2795.42,33230.07,71.08
71766.34,9017.59,7515.85,4402.08,945.03,915.24,48970.56,86.83
65619.84,4412.9,7319.7,4205.23,1047.26,4070.67,44564.07,81.08
47546.01,6122.44,5313.03,211.29,680.15,491.4,34727.69,80.14
55837.55,16076.5,3401.3,693.64,490.48,1733.45,33442.18,79.63
50139.98,4381.96,1973.67,22.2,1593.0,1494.83,40674.32,83.11
48212.7,10617.39,2242.44,3035.55,1751.35,541.94,30024.05,70.21
76992.04,9237.84,2755.87,1625.54,829.43,1246.11,61297.25,81.6
67140.31,14963.91,2618.22,5186.03,797.12,981.83,42593.19,79.75
46141.81,9647.0,3348.41,954.92,1939.97,1684.65,28566.86,76.5
77992.0,4865.87,2095.39,6672.62,773.84,1383.24,62201.04,85.93
66145.99,13677.99,4222.66,463.24,2022.71,777.88,44981.52,72.13
76257.24,3260.84,1504.51,725.98,3426.17,1180.08,66159.66,90.4
72592.58,3716.19,4264.51,1512.99,451.53,1656.58,60990.77,84.54
43420.1,4960.86,2611.04,1139.93,450.54,739.22,33518.5,82.22
48796.38,13337.55,5235.65,1046.17,600.21,751.11,27825.69,67.54
74945.87,13156.19,1764.23,5405.2,1272.93,664.69,52682.63,89.44
72207.41,5033.24,2746.15,368.18,1639.29,258.35,62162.19,86.89
59581.97,1599.76,2480.65,1288.93,778.47,2236.71,51197.46,82.24
62346.55,11867.63,5285.49,5659.44,1628.2,2292.36,35613.43,76.31
85553.3,11952.75,6370.82,295.73,2706.6,2742.29,61485.11,85.59
48168.57,7386.44,3696.11,6871.85,3517.1,1910.29,24786.79,72.57
70941.95,12167.72,4556.0,15222.69,3070.6,3136.93,32788.02,64.61
55956.15,13320.77,1534.28,259.46,1745.24,214.97,38881.42,83.1
55646.38,7108.0,2124.27,957.91,998.81,645.86,43811.53,79.33
81975.54,20543.09,6483.85,1909.43,1168.59,1953.09,49917.48,76.47
76508.33,5891.4,5282.08,5729.93,3106.4,4687.93,51810.6,67.69
76270.19,2411.37,3423.83,3455.65,1060.29,1374.3,64544.76,83.16
86109.58,19303.42,980.54,4451.23,1430.52,309.33,59634.54,77.96
60420.08,3322.38,1702.03,4280.14,571.08,1526.83,49017.63,84.75
73639.06,11038.61,5826.86,462.23,1221.02,15.74,55074.6,78.65
53794.66,14425.25,1699.56,4817.36,408.02,1875.62,30568.86,64.0
66483.33,2229.0,7079.68,4065.07,1283.09,129.54,51696.95,82.97
57397.14,9681.25,7545.57,2471.5,902.64,1048.13,35748.05,73.4
61939.92,1908.91,3221.5,6828.48,1295.08,1892.3,46793.64,76.77
71903.14,9595.85,6268.75,4332.14,1383.26,335.58,49987.56,79.44
43635.59,500.0,3109.07,491.49,1374.67,680.76,37479.59,73.82
101847.75,4731.48,8564.36,2860.25,2019.7,452.22,83219.73,89.97
39879.65,3231.94,4663.07,1358.51,1102.31,211.82,29312.01,76.47
35716.23,992.69,2032.64,101.44,1035.68,1026.26,30527.52,80.42
83162.22,15088.67,263.72,12861.33,2024.23,2062.23,50862.04,81.54
75833.25,12367.86,5948.31,521.84,1903.7,1348.11,53743.43,77.25
72482.4,19993.43,7331.15,4332.8,1082.43,1306.65,38435.94,73.75
72566.91,3988.23,1023.42,2560.48,3272.36,1867.82,59854.59,83.6
59755.06,6488.95,6887.67,77.58,1639.98,2081.63,42579.26,94.56
42054.91,1644.79,5233.87,5439.6,160.01,1509.94,28066.7,77.34
61516.09,5437.06,5230.73,5873.07,486.88,132.07,44356.29,73.29
46456.77,13831.06,837.62,1725.59,1165.43,760.07,28137.0,81.63
79502.39,15788.09,5074.78,1033.5,1292.56,2101.2,54212.25,84.44
57058.85,3011.77,1837.69,369.97,1285.82,354.53,50199.07,85.12
43490.06,678.14,4016.05,982.01,107.9,527.43,37178.53,80.36
53572.28,748.89,1373.22,790.05,1482.68,540.0,48637.46,79.04
68258.63,12558.79,6898.04,2411.65,273.4,96.34,46020.41,79.95
48725.51,3876.83,2686.39,8267.52,2252.09,1932.24,29710.44,69.89
43555.59,16073.91,2242.26,1863.21,511.84,374.76,22489.61,64.61
64873.74,7904.84,2607.79,7157.68,1508.39,43.47,45651.58,82.51
64899.33,5548.17,3022.98,3414.8,514.3,293.19,52105.9,90.33
49861.14,2012.49,2621.68,1607.59,52.44,367.78,43199.16,81.26
50579.23,11324.16,437.4,4876.64,410.53,1293.8,32236.7,78.58
64641.0,6378.5,5460.63,2060.31,1035.09,3071.82,46634.64,80.38
31038.31,4057.84,1438.16,3149.96,82.57,725.26,21584.53,76.71
31850.72,4446.21,2681.04,548.97,2011.67,854.63,21308.2,69.85
45631.12,5686.7,4047.63,314.62,912.52,1046.43,33623.22,76.98
55731.06,10834.13,4935.68,5386.94,496.08,519.02,33559.21,68.18
66218.15,2974.22,4846.59,2931.19,2432.51,660.6,52373.03,76.15
89507.12,10711.93,6533.08,9841.57,1422.16,3172.01,57826.37,81.38
77153.19,7732.76,7872.31,10715.95,2366.67,3911.49,44554.01,72.19
56801.23,11388.56,4136.04,156.54,449.92,598.57,40071.59,73.32
59619.68,13934.18,4270.15,2072.05,2313.18,510.81,36519.31,68.42
39949.41,2555.08,3132.63,938.71,379.62,49.07,32894.3,73.36
59629.74,12037.3,7348.02,2931.16,1218.59,1016.75,35077.91,63.71
54226.83,2426.29,6679.43,4278.22,978.87,311.85,39552.17,79.15
66454.37,8234.22,1030.7,1094.25,2964.46,2750.54,50380.2,67.83
43455.38,5746.8,4307.48,1768.05,961.63,2753.6,27917.82,76.4
70386.93,16012.79,1749.37,4341.11,1838.55,191.43,46253.68,79.65
90654.78,17655.38,5517.6,654.38,3067.75,1093.76,62665.89,80.22
57824.8,2809.76,1527.94,4864.13,456.27,57.9,48108.79,83.43
68034.23,13025.11,2918.55,3169.32,1101.2,2463.43,45356.64,76.04
73802.88,10990.67,1056.62,11020.7,2681.05,1456.97,46596.87,77.76
51975.59,15343.14,4594.94,1077.98,1468.84,2704.97,26785.72,70.88
64481.85,5677.57,5240.26,369.01,1005.31,368.09,51821.62,89.1
60251.85,6459.4,7707.26,2127.6,2034.31,24.65,41898.63,85.5
61953.52,19220.1,5195.24,277.92,811.2,335.14,36113.92,81.02
44539.8,10850.63,652.78,7774.2,517.87,47.31,24697.01,66.65
60490.2,2909.79,5739.42,119.33,604.08,4163.68,46953.91,84.89
69959.97,8732.96,2454.82,4898.63,1817.4,1916.0,50140.16,82.19
89022.87,15188.98,5807.25,3314.57,1061.76,4494.53,59155.78,76.24
79185.42,15873.31,1887.71,1820.66,3577.59,1690.36,54335.78,74.93
103063.65,6077.45,11794.05,350.98,7634.73,2837.29,74369.15,81.29
44653.05,12442.02,1705.63,2173.05,387.73,598.76,27345.87,67.66
77446.41,2437.35,2871.02,3407.67,1174.87,3194.13,64361.37,78.04
63666.84,3913.99,6722.77,1049.65,2108.89,1091.45,48780.09,83.5
103796.06,27521.37,4423.9,12509.56,2666.3,311.64,56363.28,76.26
43834.03,5939.5,4468.76,794.63,554.68,1433.39,30643.07,76.48
43205.56,5985.89,2419.77,1290.42,1208.41,883.44,31417.63,82.04
48012.15,7230.25,2236.79,1883.86,1358.92,1013.05,34289.28,76.39
17522.09,1227.85,259.39,92.53,561.07,573.43,14807.8,83.71
49484.9,1824.35,4616.87,6657.27,2351.82,2740.54,31294.04,70.55
44817.35,7375.96,5400.29,1051.55,1430.66,2888.32,26670.56,68.56
63007.88,11334.13,3891.83,265.35,931.24,3686.83,42898.49,77.6
66835.12,10352.01,7534.42,1637.01,687.44,1499.91,45124.34,88.3
97523.42,8794.19,3169.56,4470.46,1633.57,3519.68,75935.95,91.33
79008.48,4364.95,5556.56,2847.59,1927.75,876.75,63434.87,89.51
48461.93,5496.86,1929.16,2873.65,140.2,1326.64,36695.42,72.27
42031.71,13427.15,4274.73,119.96,791.05,738.23,22680.58,70.51
69838.38,8490.22,3148.42,1169.2,3879.27,168.55,52982.71,85.44
33595.34,3627.76,2316.39,2873.3,2556.47,1172.4,21049.02,82.85
96629.18,12008.94,8875.97,402.3,2285.74,527.54,72528.69,75.27
83588.8,9924.94,9289.2,8084.62,373.45,1432.86,54483.73,82.09
50616.49,13462.17,5751.6,243.96,1308.76,788.95,29061.03,77.35
25737.31,5024.42,302.87,2314.44,94.86,1114.73,16885.99,75.08
87077.45,7390.16,7659.5,1948.44,1032.07,851.64,68195.64,77.28
57709.2,5887.09,3613.31,2733.36,1447.58,1996.92,42030.93,80.17
84756.33,10803.31,5575.04,703.14,2605.04,417.1,64652.7,85.13
28111.45,4062.96,2096.42,96.22,1321.56,246.06,20288.22,76.57
48012.5,3379.83,1237.55,583.99,169.03,2083.97,40558.12,79.17
60104.87,5663.94,4914.22,411.11,1157.77,600.14,47357.68,77.48
60939.61,17221.51,2279.67,1141.27,880.3,555.64,38861.22,77.88
50998.69,13875.17,1041.42,1841.91,1725.2,1774.65,30740.34,69.83
72457.0,7517.26,6505.19,3219.18,529.89,1903.24,52782.24,77.12
38647.59,3744.85,3567.02,3014.55,188.35,376.98,27755.84,75.89
57152.41,11194.35,5670.37,3051.4,1192.06,1554.06,34490.17,74.65
62405.91,1713.18,3212.47,2928.18,151.7,1269.68,53130.71,89.49
70288.78,18036.1,7805.84,1864.96,2460.86,1809.49,38311.52,66.85
74232.3,6236.03,5226.29,2383.19,2222.27,477.8,57686.73,76.03
37507.16,6560.85,3746.64,1003.93,695.52,194.57,25305.66,72.83
29317.72,948.56,2885.13,2706.34,406.63,434.32,21936.73,67.86
85553.54,17076.91,3862.96,1118.04,1813.24,190.32,61492.07,84.24
66646.28,12003.24,2942.1,19.12,1383.04,20.8,50277.97,70.87
45030.27,7583.45,3066.88,2372.2,2112.22,184.33,29711.19,78.43
91023.04,5719.32,10775.52,1029.59,4073.27,807.64,68617.7,88.8
62313.49,5818.39,3417.93,6880.41,2871.19,237.11,43088.46,79.19
83585.94,12916.3,5587.46,8188.6,4205.9,431.72,52255.97,68.08
61350.37,4941.92,4663.67,244.88,1729.77,1598.61,48171.52,82.07
101214.96,7895.75,4539.34,569.25,1201.79,120.6,86888.23,84.48
95106.82,23261.8,10305.4,3250.45,4030.7,1599.1,52659.38,69.65
55020.72,1116.79,2462.12,2584.92,2717.73,46.78,46092.38,85.91
79431.42,19909.88,6436.4,1276.69,3036.97,1172.39,47599.08,79.75
72907.52,4574.22,6166.85,4598.98,2675.51,74.29,54817.67,87.79
87372.63,16527.68,7814.89,3947.76,1204.65,1925.26,55952.39,76.93
40701.53,6557.28,3021.97,799.34,1601.41,366.96,28354.57,76.8
73721.03,4473.48,2592.1,94.73,656.77,922.55,64981.42,94.96
81168.49,6686.93,8934.24,5628.61,3822.51,4399.34,51696.85,88.07
24825.21,5226.56,200.0,300.08,382.34,245.05,18471.17,81.65
36334.83,4052.53,2079.41,3267.64,188.21,1951.27,24795.78,73.18
19215.36,7182.14,1318.3,523.84,1034.74,368.52,8787.81,64.25
54611.86,4820.39,4005.16,2349.86,2168.57,1066.43,40201.46,78.02
74350.85,6297.51,3282.05,7669.9,2284.36,155.9,54661.12,84.37
90047.14,4558.04,7201.87,8970.19,2361.81,977.51,65977.72,78.21
61481.9,4771.6,4761.08,1427.76,822.21,2023.13,47676.11,82.77
92572.31,11648.93,8245.28,1084.56,3303.94,1018.74,67270.86,83.96
32397.97,11320.56,2861.53,2417.38,289.66,206.07,15302.77,68.05
25932.35,2111.88,2057.83,735.88,127.11,75.23,20824.42,73.6
58889.05,1055.91,5552.61,627.89,2665.82,2308.64,46678.17,82.83
67681.31,6324.57,5022.35,7945.27,2571.15,2295.86,43522.12,85.34
59346.11,8314.98,2078.76,655.11,2574.98,3016.19,42706.09,76.43
18651.16,4699.96,583.12,24.38,1037.17,96.62,12209.92,73.35
58217.6,8457.15,4139.9,59.64,510.57,2349.97,42700.37,69.95
33910.61,3623.4,1115.45,1650.93,972.3,103.29,26445.23,79.85
73393.45,6392.72,657.48,3977.0,1564.56,807.25,59994.44,85.12
67331.96,13439.33,7198.99,1254.31,2056.7,1501.22,41881.42,76.2
41202.4,5478.52,4970.42,794.54,651.71,1533.24,27773.98,78.74
49722.66,9995.25,1780.73,1031.12,1903.04,158.54,34853.98,75.62
38815.73,2045.67,1832.7,2212.36,1466.31,2000.68,29257.99,83.91
58746.42,5569.81,2267.99,175.92,1531.6,869.53,48331.56,78.37
79102.85,14034.14,5667.59,10468.14,86.28,340.48,48506.22,83.65
40285.48,1581.56,1412.05,506.99,649.64,913.65,35221.6,84.06
70080.93,4327.67,3145.04,28124.1,3962.49,3010.02,27511.61,66.35
49394.85,5961.41,4215.89,464.72,1677.53,511.42,36563.87,71.39
44142.54,10348.21,1087.16,3258.65,2096.48,808.06,26543.98,66.92
57859.39,15887.24,3488.03,731.48,2519.08,229.3,35004.27,75.74
39295.15,2595.18,830.15,165.63,272.21,773.51,34658.47,79.63
48927.01,7313.03,1395.77,5085.74,633.77,564.76,33933.95,81.61
36042.44,9275.17,666.59,3527.17,578.06,417.36,21578.08,72.99
99294.5,19903.44,6087.2,2565.74,2720.92,797.81,67219.4,73.88
60705.27,8627.0,3593.35,3678.72,2550.85,22.15,42233.21,81.7
46005.49,7304.39,293.91,1873.19,2854.2,413.9,33265.9,76.71
64279.6,4450.83,3547.65,6161.28,865.37,1204.27,48050.2,80.1
57753.44,5803.39,1052.71,1092.75,1606.71,510.66,47687.23,88.03
55580.61,6722.19,6527.92,2061.07,1314.41,413.02,38542.02,70.32
72283.33,8296.72,6397.46,2400.93,1500.16,700.06,52988.0,74.93
75150.15,8104.42,6039.71,1641.32,712.15,925.25,57727.31,83.87
49389.98,3040.19,4406.65,5483.75,778.73,450.34,35230.32,68.98
48483.64,12510.29,2490.3,439.69,1765.82,1373.11,29904.43,70.48
54498.97,7147.92,4711.97,441.28,1394.93,221.07,40581.8,84.13
13961.58,1612.52,477.65,600.47,362.57,24.31,10884.06,76.04
29696.18,1424.69,1702.12,1590.92,820.42,352.53,23805.48,72.16
87337.49,14862.8,2355.1,945.17,1330.96,3086.6,64756.85,83.34
92899.35,7290.12,12069.84,2301.46,6241.65,757.47,64238.82,78.93
55019.28,4456.63,555.91,8058.31,2085.41,1989.2,37873.82,73.53
71531.14,6959.96,1917.99,1012.82,1428.41,3893.65,56318.31,100.0
66225.0,12877.56,2148.32,3654.65,1002.68,142.95,46398.84,81.52
121577.62,19696.02,14131.83,8192.19,2622.94,3080.32,73854.31,79.04
82391.5,2346.54,4492.15,2448.84,1135.88,5305.1,66662.99,89.09
57441.65,14556.99,1974.67,7964.3,978.18,1948.69,30018.83,69.19
40889.19,6223.18,3245.92,2727.92,1355.52,1402.88,25933.77,70.87
27871.07,4142.27,3168.92,853.34,529.14,275.44,18901.96,75.41
64069.27,4379.31,3505.71,2698.68,1070.53,560.98,51854.05,85.32
44872.99,10077.13,922.04,2646.72,1798.06,871.45,28557.59,78.57
31554.93,3973.0,782.99,1415.17,212.49,1061.94,24109.34,84.84
47068.54,3989.39,4448.11,4964.48,601.5,807.05,32258.02,82.06
38369.04,1537.57,3334.95,846.88,600.98,1329.32,30719.34,84.14
93742.83,10899.34,3614.23,1671.02,4888.14,4155.8,68514.3,87.41
77632.8,18793.45,3821.63,933.9,1819.98,1722.54,50541.3,83.73
59840.55,5066.27,4293.53,115.24,1125.0,132.28,49108.22,86.36
89598.88,3350.05,7549.93,196.97,274.77,3608.82,74618.35,78.35
61547.37,5700.59,4690.02,6279.82,664.08,171.55,44041.31,81.27
42774.32,3592.26,3711.77,2426.21,1368.2,1843.52,29832.36,83.06
90462.48,12499.0,3076.39,4886.68,801.76,1021.92,68176.73,79.18
70778.2,4635.21,7161.87,3374.65,1954.83,285.57,53366.07,79.28
39255.08,3027.55,4619.33,3713.39,1825.56,654.67,25414.57,73.52
56193.23,2526.88,3877.35,1838.75,913.55,947.52,46089.17,83.38
42487.63,7362.24,2543.76,4340.93,558.8,359.01,27322.9,71.2
32344.01,2668.22,441.08,720.33,108.06,905.55,27500.75,81.53
78523.55,5710.16,3565.29,10260.27,1602.31,2978.73,54406.79,82.13
98188.33,22149.52,9309.56,5888.88,2839.3,3409.0,54592.08,66.01
32028.65,8474.88,2205.35,476.1,223.47,220.72,20428.12,73.09
71259.38,13438.71,6550.65,2958.36,168.99,208.26,47934.41,76.12
46987.15,11693.11,2166.61,1789.02,1040.88,161.23,30136.3,65.82
50257.49,10634.1,4987.9,372.87,777.83,210.69,33274.11,78.33
48152.12,5232.61,2098.89,2153.93,2235.23,599.74,35831.72,80.14
42720.18,2253.43,4251.11,807.46,224.65,379.85,34803.69,81.68
60970.43,5399.41,4860.63,163.92,2559.8,467.21,47519.45,84.32
43381.0,3383.94,2236.26,6440.37,1056.87,584.34,29679.22,77.31
65409.14,11718.14,424.36,3354.83,1281.7,1239.33,47390.78,75.83
58995.24,7026.68,6080.43,6179.49,2381.6,151.17,37175.87,78.72
55221.04,1226.95,3882.25,3112.22,2440.37,176.52,44382.74,86.14
41848.73,3712.7,2294.52,923.99,653.3,510.01,33754.22,75.02
48464.57,1964.04,3019.82,1741.94,1403.66,2264.82,38070.3,84.67
75107.82,8759.82,1139.85,4229.44,1475.93,1893.19,57609.61,80.77
70018.34,15974.79,2132.0,11291.17,441.49,911.39,39267.51,76.5
40448.9,2244.82,4121.02,591.74,1029.81,915.94,31545.57,80.0
61986.65,16243.83,6754.32,6444.31,1136.04,2450.85,28957.3,68.02
75027.74,9357.78,1879.33,9671.25,802.1,1396.99,51920.29,81.88
26611.89,4759.0,1857.32,1476.86,309.8,972.39,17236.52,70.9
70867.2,5000.54,4539.48,9487.42,2338.68,1529.84,47971.25,83.56
46747.52,5988.81,4050.61,1185.74,1074.99,1644.89,32802.48,82.97
71411.97,18709.19,3236.11,10918.72,1019.72,1299.86,36228.37,68.7
44734.82,10779.97,3885.85,2713.82,750.92,781.99,25822.27,70.73
23902.36,3154.69,2181.36,51.29,120.47,166.84,18227.71,75.02
27449.15,3067.64,1993.21,3257.93,1088.08,232.52,17809.79,74.57
60961.7,8425.73,5813.24,2019.56,1204.09,2448.43,41050.66,83.58
65194.45,10467.92,2313.24,2010.57,1592.21,378.98,48431.52,71.9
41913.67,11681.48,3900.06,1751.54,981.66,1180.13,22418.79,62.5
72771.85,5901.4,1612.86,588.71,3553.2,761.05,60354.64,84.03
26769.6,2072.07,2479.33,847.67,643.25,277.36,20449.92,78.16
58678.4,6149.61,5350.19,5218.3,740.81,2304.31,38915.19,71.69
35779.68,1911.83,2552.52,27.91,842.8,283.85,30160.77,82.2
46963.28,8557.16,2342.47,748.39,86.0,982.14,34247.11,74.16
60947.97,2128.74,2543.03,7.49,835.33,191.21,55242.18,84.12
42791.73,12308.02,3468.91,1149.73,1260.67,1702.49,22901.91,76.04
52308.89,7366.44,816.12,3408.22,590.13,485.56,39642.42,77.83
80125.86,15201.52,2932.05,6423.35,4030.29,103.58,51435.06,75.89
48462.16,1106.38,4002.59,7036.41,391.75,124.37,35800.67,79.05
76713.84,14987.55,2970.66,3597.04,2647.62,1699.52,50811.45,83.63
37405.86,6095.34,1899.82,549.62,489.72,588.86,27782.5,77.23
70596.08,12180.79,5120.63,9103.26,3979.36,793.41,39418.63,70.6
88831.37,10527.12,5384.83,6631.52,2199.17,2715.74,61372.98,83.41
10567.11,2242.09,252.37,451.39,94.51,244.12,7282.63,76.69
44062.09,2837.86,2165.55,2620.69,1701.44,1007.42,33729.13,84.75
71541.44,11801.17,4722.83,9233.11,1924.82,1173.17,42686.32,74.84
55939.09,1867.12,5363.1,3485.46,1969.74,2163.04,41090.63,81.35
67422.92,3563.66,8021.24,1548.9,2631.78,449.08,51208.25,85.07
47920.3,12837.84,3784.11,2991.12,615.97,2069.46,25621.81,71.09
61731.8,4925.31,460.42,126.9,3685.63,1389.2,51144.33,89.91
56886.46,3495.1,7151.87,1389.27,2630.38,625.82,41594.01,82.19
83355.64,12918.31,6613.49,2173.16,3024.77,802.84,57823.07,89.5
65088.42,16294.04,3411.3,594.02,1302.35,1466.28,42020.42,80.92
66752.05,6426.0,3691.44,77.95,389.72,626.17,55540.77,74.32
51762.46,17594.42,4021.84,370.51,103.9,709.59,28962.21,69.57
50247.88,4165.72,1539.27,2670.96,237.94,66.47,41567.52,74.03
51348.84,11433.48,1458.63,4161.69,633.6,1842.03,31819.4,70.73
67889.04,9745.59,4097.51,15071.2,1101.05,1796.35,36077.34,70.19
51580.31,5290.9,6419.48,1096.61,737.39,710.85,37325.07,82.45
65795.5,11742.8,5085.14,3009.29,2787.5,677.87,42492.9,74.21
101508.02,4426.02,2799.88,14043.25,3235.32,1418.83,75584.71,90.91
77422.49,9209.85,310.11,707.53,3898.48,975.19,62321.33,80.6
53479.53,5684.62,1445.37,3381.49,556.53,678.39,41733.13,79.12
84024.28,14202.1,5712.11,5908.63,2663.78,2061.83,53475.83,71.66
51838.49,7530.26,2247.9,241.53,2600.16,839.65,38379.0,86.02
19237.51,3346.54,1801.33,1899.78,954.53,94.14,11141.2,76.98
39838.27,8409.85,1241.9,3340.85,15.69,861.87,25968.11,73.4
22584.16,2738.29,1263.3,38.36,245.21,230.75,18068.25,70.86
52969.73,8011.05,5761.45,252.94,178.3,958.12,37807.87,76.81
60368.37,17161.36,1878.95,152.05,1433.9,186.39,39555.72,77.41
93528.75,13745.56,3993.37,1906.03,2729.47,1200.75,69953.56,80.1
66538.55,7890.83,3345.86,2368.44,926.17,483.9,51523.34,93.38
55617.99,12092.69,3435.66,2113.57,2159.49,1352.41,34464.18,83.47
76588.11,9484.09,4529.9,1192.93,1330.41,1354.21,58696.57,73.57
15777.29,4666.33,210.82,1913.67,156.92,144.15,8685.4,61.83
64712.29,15988.55,1808.36,1486.06,1411.31,670.15,43347.85,79.56
75417.3,7268.38,3413.67,175.8,213.47,1805.1,62540.89,79.35
30428.28,3281.82,1354.54,543.14,836.71,765.96,23646.1,79.04
82875.08,18846.93,8009.61,3138.42,4381.43,1351.31,47147.37,75.1
66769.93,14423.42,7433.94,1751.45,2825.59,1848.67,38486.86,73.54
51694.24,12218.92,4966.78,827.08,1703.85,2074.44,29903.17,77.4
72655.64,9223.54,1972.56,511.44,2667.28,375.08,57905.74,92.18
105413.86,15059.5,11759.23,9013.77,2042.8,121.48,67417.08,82.1
63637.33,7375.32,4522.16,17686.24,2166.49,1704.08,30183.04,63.28
64964.41,7574.99,3373.93,1298.62,896.73,463.24,51356.9,82.84
50812.78,4312.24,2707.32,1221.17,823.74,1219.74,40528.58,78.06
43003.11,10568.28,3834.96,2069.38,1303.76,969.72,24257.01,80.82
76606.72,12715.14,7719.7,4854.62,1332.76,1885.79,48098.7,80.24
42878.32,7347.27,3581.09,1066.87,919.95,302.29,29660.86,77.97
61431.32,14534.88,397.93,7227.82,844.53,24.85,38401.31,78.4
50446.85,1458.57,5542.92,2070.82,2098.67,159.51,39116.37,79.87
69579.6,11629.62,1038.51,2082.33,1674.48,323.96,52830.7,87.59
66673.24,16853.87,4868.35,3468.21,2846.69,1688.82,36947.29,69.98
80750.8,4411.73,7062.75,12328.4,553.13,3281.21,53113.57,83.19
49799.67,11861.58,4268.94,3940.56,616.58,379.01,28733.01,80.02
54602.5,9150.07,1098.44,111.49,1162.46,1044.01,42036.03,76.18
40424.73,6292.34,3841.84,816.44,1323.34,466.07,27684.7,77.12
51114.13,8067.13,3260.48,1625.19,940.28,436.84,36784.22,79.98
67546.01,4534.34,3364.04,1275.38,3749.0,2034.34,52588.92,76.52
75139.77,1600.95,2713.12,4525.66,580.24,2659.84,63059.96,78.24
41556.69,9147.65,3354.85,3636.73,1012.81,757.05,23647.6,66.34
77392.12,4627.8,7187.31,5085.93,3843.48,2125.86,54521.74,79.66
87112.76,8714.67,2358.22,19777.33,4987.69,1630.77,49644.08,77.6
68268.7,23920.73,4663.15,1086.18,1060.03,1142.4,36396.2,70.3
97535.92,13740.64,8936.55,10140.6,459.19,4118.75,60140.18,88.07
44524.22,7775.38,849.14,3239.36,1027.29,191.72,31441.33,81.83
35106.91,3220.82,3093.54,789.37,147.28,134.19,27721.69,81.36
24425.6,6134.69,2398.1,1617.86,458.87,18.97,13797.1,66.88
89920.89,2807.78,4202.85,494.11,2071.67,2394.07,77950.41,88.02
73087.31,15912.71,8586.94,5691.6,717.17,2265.08,39913.81,78.66
58888.31,2710.72,5562.07,2237.74,1526.96,1039.69,45811.13,85.61
65599.37,20524.47,2660.96,1133.95,1813.62,1707.67,37758.7,78.13
37490.22,7067.06,1163.73,1999.1,935.35,222.85,26102.13,74.08
108915.04,6925.47,2987.99,5588.22,3311.04,1323.89,88778.44,84.88
62584.42,8585.11,6042.99,735.59,1281.27,605.81,45333.66,72.1
62187.9,11895.51,6468.23,95.98,1246.05,224.68,42257.45,80.04
74515.33,6648.24,4085.43,2118.08,1291.12,490.81,59881.65,76.0
69620.18,7529.09,2522.08,2933.92,1570.48,1550.77,53513.83,81.63
64477.68,16795.6,4283.93,6745.55,431.24,333.25,35888.12,70.61
44190.51,6166.21,4056.6,5820.12,1346.16,1156.87,25644.55,72.74
69429.37,16836.23,5506.93,2612.22,1593.49,2570.47,40310.02,79.99
97640.49,16994.96,13373.69,6842.77,1291.13,1308.04,57829.91,84.22
86908.4,16412.53,7605.11,2514.15,854.54,912.02,58610.05,83.18
91863.73,20911.29,1599.27,6296.09,350.01,272.59,62434.49,76.55
49775.69,14052.59,3372.27,570.34,1009.58,185.1,30585.81,73.44
40207.9,2719.16,3499.42,932.27,667.15,64.74,32325.16,75.81
57484.26,12040.26,2671.53,2890.73,2775.36,1089.4,36016.99,71.54
61114.5,19181.52,3959.38,56.0,1424.93,1846.41,34646.26,75.2
81883.83,17330.97,851.31,5247.91,3741.3,446.43,54265.91,73.83
26150.71,4240.16,1259.96,2360.18,979.2,652.91,16658.29,69.82
90591.01,23722.72,3400.66,2307.34,1486.74,3991.4,55682.16,72.3
56839.84,19449.58,2319.69,1688.44,1749.55,869.23,30763.35,74.62
51462.38,9244.32,3157.76,4903.61,1088.31,1084.52,31983.86,72.2
39757.91,7831.54,3214.37,2971.05,560.76,523.71,24656.49,61.7
26902.87,5111.49,334.33,457.2,352.64,585.55,20061.66,84.69
76463.41,3218.13,9552.26,1496.87,959.78,55.99,61180.38,88.72
61466.36,13437.38,5497.2,3491.09,1293.03,805.01,36942.64,64.11
34200.78,1609.28,3845.05,1416.38,624.84,678.45,26026.78,81.53
34098.42,6790.04,1281.47,301.79,189.41,4.64,25531.07,84.97
53284.31,2068.9,5195.82,988.32,1514.19,895.48,42621.6,80.39
93380.43,5986.27,7531.86,10750.04,2435.85,2811.41,63865.0,81.44
54808.17,5871.34,2847.87,3193.43,627.07,108.03,42160.43,78.66
29937.14,2841.17,1222.54,6386.89,570.48,40.63,18875.43,74.81
55085.14,12381.75,1629.2,4012.32,386.16,2355.5,34320.21,79.6
54545.53,6384.09,4283.39,7764.21,842.91,330.32,34940.61,69.12
8000.0,500.0,374.73,97.43,20.06,212.46,6795.33,75.25
58914.1,5163.56,7846.82,4348.31,452.01,614.73,40488.68,77.89
55381.31,8617.5,3636.85,56.56,866.64,2610.71,39593.04,79.69
73924.13,11356.9,586.55,4106.37,1811.24,1683.7,54379.37,82.85
96979.12,15333.85,5208.08,3071.93,2211.04,2300.32,68853.91,81.13
82531.3,18541.61,3797.9,1757.14,142.98,260.77,58030.9,75.97
54622.23,13635.37,2702.82,5416.98,2291.24,2437.74,28138.07,74.99
37869.48,7190.14,4588.95,3646.8,601.46,2379.16,19462.97,62.24
111467.2,14423.58,9130.02,125.7,3029.23,2797.57,81961.08,82.1
61184.37,6644.82,4222.27,2876.71,579.71,168.81,46692.05,80.73
60278.59,19100.09,3909.74,1382.19,1526.95,504.51,33855.1,74.92
59517.5,8999.72,2476.0,1598.86,2650.89,1421.63,42370.41,76.97
63961.7,11297.04,5649.36,5705.49,1369.37,2019.32,37921.12,77.88
57112.79,5597.3,2379.66,1058.96,601.72,2319.89,45155.27,87.59
48526.76,4721.75,4608.83,6952.82,390.06,364.35,31488.95,71.69
49062.82,2947.84,1423.63,485.73,801.76,246.98,43156.87,86.05
59344.93,8550.83,4231.38,3224.95,1309.53,60.86,41967.38,79.45
49131.5,4778.3,1460.23,2739.23,260.93,674.2,39218.61,79.14
45743.08,5075.24,4002.51,664.68,621.82,683.09,34695.75,69.38
62128.6,15297.38,6782.92,1219.81,2950.95,1500.32,34377.22,74.12
54900.46,2335.08,3298.56,4942.66,617.91,728.27,42977.98,83.12
90079.86,7692.13,6635.26,6461.73,93.65,2727.97,66469.12,87.96
8000.0,1310.12,863.37,159.65,73.34,94.54,5498.98,70.62
81830.14,12871.95,7234.0,3123.77,1395.74,1437.93,55766.74,76.11
84921.7,23741.14,3064.23,270.33,1183.14,2865.27,53797.6,73.26
18532.2,527.31,950.42,216.95,647.17,39.86,16150.48,65.72
53146.25,13860.18,5796.21,1767.6,1818.24,1093.98,28810.05,68.97
52571.18,2915.37,2731.94,236.3,1406.16,3443.81,41837.61,94.92
31849.77,3607.35,2426.55,2951.88,1338.86,914.1,20611.02,79.42
44443.67,1829.39,2188.92,2813.0,2304.85,1938.95,33368.57,73.52
37788.48,500.0,2278.52,5433.76,837.06,1441.37,27297.77,74.1
95045.41,24478.91,10948.93,5619.23,42.45,282.74,53673.17,73.49
78713.57,5999.14,3206.41,11099.1,2559.93,1208.39,54640.6,86.63
85431.1,17152.93,5198.39,3453.92,3459.59,732.58,55433.69,89.62
74433.44,7200.47,3873.48,3412.17,796.03,677.55,58473.73,83.32
37418.96,10619.61,3869.62,7055.35,825.12,595.1,14454.17,64.51
49509.59,5135.57,2486.64,2543.76,2143.54,1391.85,35808.23,80.48
69787.49,8480.32,7758.9,109.11,913.78,295.26,52230.11,80.84
35557.44,2998.91,3772.78,2287.48,197.43,207.07,26093.77,78.32
74259.97,4447.7,1874.65,8758.31,2058.83,1112.22,56008.27,81.84
55193.49,11815.93,2500.6,4381.2,567.45,2370.74,33557.57,76.23
52503.58,7364.49,2420.88,2301.41,3090.37,1251.03,36075.4,66.73
74219.2,947.43,4433.16,4128.89,1953.16,331.28,62425.29,82.67
68885.27,19834.96,2601.34,15928.12,2188.27,3000.37,25332.21,59.68
52780.68,6509.83,1284.81,250.81,760.88,749.99,43224.35,85.49
83186.6,5265.35,8655.06,4576.71,2981.73,2780.81,58926.94,76.73
38378.73,1475.76,2150.15,639.46,331.37,1351.29,32430.71,73.81
72318.71,4765.32,7770.25,3695.13,557.7,3713.2,51817.11,70.95
71862.03,12301.06,1781.73,3361.47,2653.71,1859.03,49905.03,81.21
53809.07,11899.53,5632.85,448.21,673.27,1873.11,33282.11,69.48
66522.66,7617.54,4415.66,770.37,1609.46,1379.72,50729.92,80.47
34977.73,14224.43,1373.69,1699.71,1152.49,238.52,16288.88,74.04
78480.54,8158.97,6610.84,538.49,991.93,1528.53,60651.77,84.64
56301.96,7342.74,2351.91,867.42,341.74,609.06,44789.09,78.9
49545.54,2713.27,5418.49,4467.27,87.43,303.97,36555.1,72.59
80980.18,10156.99,6050.64,1604.0,703.89,749.66,61715.01,84.76
45913.13,10595.06,2090.5,1537.05,2765.59,1938.14,26986.79,71.46
31830.77,9906.57,1640.67,4508.19,302.63,1326.13,14146.59,67.85
28867.42,5751.54,2110.82,371.91,54.46,359.0,20219.68,62.99
72120.2,2117.97,3744.01,1780.23,3466.74,1818.89,59192.37,89.73
34391.41,1714.17,3667.34,1603.61,151.51,1910.31,25344.47,68.35
95095.88,2793.22,9044.23,6694.19,2990.3,1497.05,72076.89,81.41
18361.41,1289.84,2131.45,2129.24,44.0,94.7,12672.19,80.39
93929.13,8517.31,5596.39,11603.46,2804.4,3508.22,61899.34,68.58
64220.35,3878.05,4652.09,4813.22,2840.77,161.74,47874.48,79.81
58065.74,11043.83,369.13,752.53,346.43,255.19,45298.63,79.64
49101.62,2835.83,1245.84,61.68,323.15,1484.35,43150.77,83.92
67982.72,11701.22,4735.0,1645.66,1718.1,256.34,47926.4,80.78
59247.31,12561.45,4903.22,452.13,945.16,606.2,39779.14,76.86
82066.04,9143.14,4203.57,5084.86,2728.44,5358.29,55547.74,72.58
62284.55,15465.75,4066.49,3370.03,2730.37,794.36,35857.55,73.74
63006.04,11569.23,2651.16,141.66,1444.77,1525.98,45673.24,79.21
52727.76,4655.98,2699.31,4775.86,2443.76,701.28,37451.56,77.38
58861.09,7594.95,1592.04,841.74,2055.06,326.58,46450.72,91.88
66156.04,6267.12,7382.49,1872.33,373.22,1096.74,49164.14,87.03
25796.63,5359.76,1917.05,1421.94,475.94,408.12,16213.82,80.86
33036.29,6172.28,2025.3,926.83,170.7,2120.26,21620.92,75.2
74865.28,11819.1,2015.63,2179.03,2460.48,1182.43,55208.6,89.91
63417.31,2663.31,3547.08,215.24,1757.77,156.94,55076.97,80.8
56320.33,4798.5,1297.98,1445.28,913.62,1931.89,45933.06,80.46
60368.68,4460.27,4702.12,4369.25,788.65,848.29,45200.11,77.09
66951.63,1337.26,5006.46,8259.09,718.67,1123.64,50506.53,78.39
49204.81,2541.28,2657.48,1312.73,552.88,266.08,41874.35,83.17
44433.91,2336.18,1669.85,1224.0,996.96,519.98,37686.94,83.39
63916.91,7282.26,9141.3,3875.82,503.85,863.41,42250.27,78.99
40432.54,8161.0,1529.0,5783.29,606.87,184.62,24167.76,80.68
68165.06,6319.33,4252.04,1058.92,503.76,784.62,55246.38,75.61
25948.33,3057.13,2501.01,752.6,1599.18,485.11,17553.3,67.63
80583.11,9496.2,3782.36,6404.36,772.57,2570.77,57556.85,68.42
69451.95,8879.07,8006.58,3267.1,1190.7,363.74,47744.77,74.23
65120.59,9029.51,1824.11,381.58,499.47,589.67,52796.25,80.72
79653.82,19630.84,1508.06,3935.47,2484.72,2537.96,49556.77,73.36
93309.49,10479.42,6996.33,964.41,2458.95,752.59,71657.79,78.35
80287.4,19987.31,3631.46,2865.42,4217.18,3928.35,45657.67,75.22
23182.52,3139.11,2557.3,872.96,534.81,899.17,15179.17,70.58
34408.46,4211.54,857.49,3594.16,569.71,905.88,24269.69,71.23
47503.63,16791.1,2744.92,1474.55,514.89,606.39,25371.76,70.87
60521.82,13330.48,6294.32,991.74,3915.98,5249.47,30739.83,67.5
70353.18,1506.69,2411.24,923.81,1592.26,1485.9,62433.29,92.32
45485.12,7693.55,3168.0,4715.61,391.57,200.03,29316.35,73.51
63735.34,3483.54,1112.63,597.67,3662.15,1906.4,52972.95,81.87
44892.34,6264.23,1194.54,1245.53,1736.11,951.41,33500.52,79.65
47769.64,2942.51,3409.39,494.98,1323.63,779.7,38819.44,71.25
31866.78,4952.97,867.62,2364.75,123.68,1428.14,22129.62,81.03
41535.34,12061.11,2816.19,1335.7,251.38,398.31,24672.64,75.84
32966.31,5802.38,1015.0,712.97,872.93,42.43,24520.6,73.08
40482.53,4283.55,4044.15,906.82,1318.04,404.83,29525.15,71.57
81072.84,7726.3,4642.93,7750.53,1988.41,1880.86,57083.81,75.22
41012.02,10842.36,2632.63,1654.69,2109.62,246.84,23525.88,64.0
112647.64,19384.71,7645.82,7127.1,2526.07,1223.11,74740.83,73.32
69866.36,17797.86,3003.5,7941.71,807.32,1676.28,38639.69,65.9
63696.72,12383.6,5583.7,7389.31,3910.73,495.85,33933.52,58.44
42832.84,5324.6,4662.2,852.92,442.68,518.14,31032.3,75.45
74006.2,12057.47,3150.01,11271.14,1927.6,4290.89,41309.08,73.05
48487.24,14937.69,2846.68,61.07,1433.0,1125.98,28082.82,78.42
62440.2,8233.89,2207.69,1476.54,1388.42,428.03,48705.63,86.38
111201.69,10129.75,716.91,12573.75,2761.69,2695.36,82324.23,81.06
58078.8,4991.67,2542.19,932.41,1202.96,257.28,48152.3,81.73
82985.47,16460.41,8315.95,1323.37,531.05,826.64,55528.04,84.58
45936.47,4649.96,2882.37,827.84,534.9,3815.79,33225.61,75.28
59300.23,6779.13,986.47,2809.52,510.69,129.52,48084.9,83.22
95416.01,22112.22,7460.8,2752.02,1137.32,2625.58,59328.07,75.38
47460.66,2401.19,4580.09,3078.57,468.24,1122.51,35810.06,79.12
96248.97,13470.93,3836.92,10842.18,7370.7,2004.66,58723.58,78.45
74155.04,18222.41,994.79,4158.13,1407.25,1483.88,47888.57,75.5
48750.66,7702.46,2193.06,557.57,443.16,2515.0,35339.41,83.2
72648.15,10233.2,6497.93,9801.42,915.73,572.72,44627.15,71.51
79451.09,14993.18,2919.97,1220.35,177.4,1762.46,58377.73,81.91
72436.2,11704.6,3601.99,588.16,1444.77,2183.0,52913.67,89.38
28595.51,3508.36,2117.88,134.79,673.08,551.19,21610.2,78.64
45457.26,1154.6,2176.81,1883.52,2993.82,731.67,36516.83,76.7
55049.63,10715.61,3122.33,332.42,1007.17,1046.63,38825.46,79.45
58511.33,2660.65,5213.11,437.08,1562.42,408.3,48229.76,94.98
72413.44,14721.92,2060.13,1291.56,823.52,838.8,52677.52,80.54
63554.02,1561.31,377.53,1051.19,2012.81,324.76,58226.42,90.97
33293.11,2231.65,1520.96,1543.05,1187.54,1310.65,25499.26,77.99
67603.96,10524.5,3275.5,5735.78,199.2,2816.57,45052.4,78.79
72211.71,8476.01,5651.0,5173.09,2849.93,763.28,49298.41,78.14
71195.81,7352.8,4897.37,1083.84,313.43,1969.19,55579.17,77.26
81615.61,27816.86,3045.12,1148.53,1667.46,201.66,47735.98,77.43
76678.44,15818.26,2067.87,12940.57,2590.27,2116.87,41144.6,67.02
69183.6,1837.55,5350.17,28.61,1136.53,1832.23,58998.51,83.47
58596.69,14374.32,648.95,6205.21,2593.45,2235.39,32539.36,81.63
26780.78,6089.9,1069.4,298.34,746.1,304.62,18272.42,73.61
68592.36,12374.58,1478.84,10092.83,291.18,58.47,44296.47,72.07
64153.75,6032.59,2197.16,1344.08,1990.9,1609.04,50979.99,83.41
65431.58,12960.3,1164.73,1898.98,369.56,239.57,48798.44,77.61
34465.03,4897.07,784.81,2116.14,606.0,1159.25,24901.75,76.89
38378.87,8377.36,1061.38,1700.05,561.64,63.5,26614.94,69.69
81063.06,5751.8,7032.56,1550.88,1235.6,876.99,64615.23,87.89
59208.9,5184.62,2463.07,2389.25,656.49,1652.22,46863.25,82.2
73630.01,4027.39,2814.37,4829.96,751.07,1277.64,59929.59,78.91
60566.37,4571.14,2529.64,131.0,3084.5,1554.4,48695.69,84.02
60595.12,6052.58,5483.86,34.12,1258.32,2671.32,45094.92,89.5
78765.68,12749.69,2071.12,2412.64,4222.58,1305.93,56003.72,76.34
49679.11,3782.89,4196.13,351.17,1173.06,340.89,39834.97,84.83
61922.42,8406.17,5365.27,3379.94,1096.8,3181.14,40493.1,78.44
50754.49,12310.48,4712.82,611.25,582.26,550.19,31987.49,76.3
51310.08,9227.97,1171.02,1454.98,2584.1,410.29,36461.72,82.06
53816.56,5292.32,957.95,592.62,1330.93,30.94,45611.8,81.9
64442.68,500.45,2876.15,2562.06,4844.35,1530.33,52129.34,83.56
50425.03,7059.0,3858.49,311.02,397.96,1135.75,37662.81,79.41
85115.12,7918.35,2427.04,99.49,1738.96,361.02,72570.25,82.34
42107.85,2461.41,477.78,110.5,887.25,1395.75,36775.16,85.44
56262.57,8066.03,3440.34,8677.79,1236.66,679.83,34161.92,72.1
51205.38,11584.31,1495.24,392.96,184.25,1122.84,36425.78,86.73
88939.56,7639.08,7206.8,5481.53,2613.44,2446.65,63552.06,78.94
63931.1,13419.87,6217.29,224.86,474.53,284.96,43309.58,70.89
80636.89,9412.96,2507.11,461.52,3302.2,1350.27,63602.83,89.22
30288.79,5195.78,1156.62,1076.86,438.75,999.49,21421.31,71.6
65341.01,15678.77,2917.17,2042.71,708.91,1757.31,42236.13,70.32
77792.62,619.77,5928.97,11777.21,975.77,674.05,57816.85,83.45
61645.68,10863.45,2695.98,8930.72,2083.48,941.69,36130.36,80.27
81309.61,26739.69,9025.03,6148.43,418.75,2493.95,36483.76,73.77
49654.23,13355.41,1514.08,2287.97,484.72,952.83,31059.23,71.13
88186.95,5412.72,6593.95,2676.02,1266.92,1680.47,70556.87,85.46
105977.96,16760.24,11095.96,2333.28,3724.05,103.04,71961.39,80.32
52743.23,18942.69,3550.95,7750.92,841.92,190.48,21466.26,73.86
51089.95,5355.18,1720.4,2359.31,598.45,641.22,40415.39,78.56
89067.69,21369.18,754.89,3853.49,2445.04,241.24,60403.85,80.53
91591.44,13782.84,8693.74,1208.26,2288.03,3009.04,62609.53,81.35
49542.8,5449.33,2578.41,118.47,1399.25,260.1,39737.25,75.24
51596.26,12324.83,2396.97,7491.41,1897.8,537.32,26947.93,69.09
54364.31,12969.51,7370.84,1023.39,3209.85,853.89,28936.83,69.84
33110.99,2155.26,2918.51,967.59,162.55,384.22,26522.85,86.24
41626.96,11039.46,2784.88,253.43,1464.6,381.84,25702.76,73.84
39917.18,500.0,2334.48,3619.57,222.95,1511.35,31728.83,77.89
44644.05,4782.01,3283.76,62.55,268.06,1174.08,35073.59,79.16
59306.3,8622.78,2479.74,5324.85,479.19,3050.57,39349.18,76.14
64684.29,6812.77,1468.66,488.87,33.3,4831.99,51048.71,81.84
91010.01,12733.72,8436.86,9904.24,1499.28,1432.12,57003.78,82.79
40032.92,3673.32,2530.08,2619.14,1234.39,1519.01,28456.99,81.33
79686.45,10487.66,2502.4,716.89,362.3,1360.67,64256.53,79.27
55720.22,11703.1,3999.15,2324.35,2590.23,1141.12,33962.28,79.29
59010.73,8188.99,976.56,1106.22,402.38,1711.98,46624.6,85.26
73496.39,22917.15,7010.72,721.36,56.5,702.49,42088.18,73.99
37545.56,5156.41,3791.35,3680.01,163.58,328.38,24425.84,66.41
67648.19,7819.31,4493.02,1747.74,338.61,175.07,53074.44,83.21
63329.04,23751.59,1822.49,1609.83,2504.48,1185.34,32455.32,69.06
69849.03,17032.79,1788.95,650.27,2389.92,680.98,47306.11,80.85
65783.37,12689.58,5547.84,1588.64,1222.23,2227.41,42507.66,79.66
109106.0,3684.92,9931.94,11198.29,2856.3,6865.49,74569.06,88.84
47245.2,13690.33,5920.3,1065.82,1875.57,982.16,23711.03,63.49
49380.06,10421.12,3161.77,7476.95,1306.5,107.65,26906.07,81.42
47537.19,2557.65,2208.02,6951.14,1011.89,1767.75,33040.72,81.03
48890.46,9135.21,2772.42,382.65,1865.51,631.65,34103.02,80.36
47252.26,3246.8,2184.9,461.13,433.24,522.64,40403.55,92.51
83780.33,22318.56,2127.93,8316.87,354.28,680.7,49981.99,77.83
88410.08,24323.55,6604.42,2205.09,1964.39,180.48,53132.16,82.05
48585.07,10999.6,2854.32,10.65,853.91,1490.21,32376.39,76.36
43352.89,4028.06,3614.24,693.71,371.01,1956.44,32689.43,82.7
69428.31,15243.48,3343.12,3160.31,2174.76,1747.59,43759.05,81.96
48955.54,2143.1,2136.35,3930.58,704.57,1219.91,38821.03,85.91
72658.64,10991.63,6792.24,520.11,928.29,87.6,53338.77,73.07
64058.46,7268.26,3141.89,375.2,1802.27,216.76,51254.08,80.34
29685.12,3277.16,1079.4,3788.17,386.44,758.94,20395.01,80.31
90950.1,4239.1,7203.66,6325.12,158.03,421.38,72602.82,87.52
95917.55,13998.18,5813.76,4273.42,2483.18,3454.6,65894.42,80.82
47744.23,3087.86,5127.49,3500.0,566.4,2097.45,33365.03,79.27
52245.97,5043.46,4150.06,1463.18,1114.13,2073.41,38401.74,73.11
65717.31,12623.26,3023.17,4668.24,998.02,723.43,43681.18,81.09
66689.14,9670.53,1344.72,1550.19,1041.92,2567.01,50514.76,82.82
73170.89,7201.98,3949.16,1023.8,777.1,756.74,59462.1,84.25
100204.09,6596.79,8634.36,6541.75,3412.41,5147.73,69871.04,81.02
56461.06,9761.1,2843.45,1536.2,140.17,413.72,41766.41,80.39
44034.06,7923.36,3192.32,8770.18,273.9,623.96,23250.34,68.15
32413.62,2751.05,2461.63,696.88,363.15,124.62,26016.29,77.73
45381.4,4702.26,3028.06,5780.59,1034.01,1492.63,29343.85,83.35
59337.46,8838.46,3307.71,8017.99,510.44,325.4,38337.46,67.84
95891.16,6184.61,6079.35,1327.51,2109.3,1285.75,78904.64,78.67
49647.77,8085.44,1874.46,3973.27,905.03,607.86,34201.71,80.43
64475.76,3605.48,3669.23,1829.59,2392.6,969.96,52008.9,76.61
59671.54,4308.29,1402.23,7444.79,2102.37,468.24,43945.63,69.41
83767.87,500.0,8984.87,2504.92,3162.61,142.45,68473.01,90.14
110538.65,7662.49,4633.5,7537.44,318.89,541.74,89844.59,93.87
49382.62,1156.77,4795.99,1553.51,2435.15,1653.52,37787.69,73.01
50211.21,5041.02,6037.84,649.01,612.2,76.89,37794.26,70.15
80883.22,6937.74,8744.85,899.14,4034.33,2835.16,57431.99,74.4
73637.83,1906.18,2015.45,2040.27,4279.69,322.73,63073.52,82.13
96934.15,13103.88,4779.61,6826.68,1105.74,383.8,70734.43,92.45
71678.56,18920.43,3719.83,3329.65,1557.79,3378.93,40771.93,71.77
52814.16,17637.21,3220.67,3081.1,718.05,1772.95,26384.18,73.42
71813.1,2206.45,7353.77,1191.17,603.92,2169.9,58287.91,87.26
82174.07,12698.23,3964.24,2698.15,385.54,4309.68,58118.23,87.12
76409.64,13475.09,4432.93,173.49,608.72,1575.68,56143.74,77.9
70145.48,14155.12,5662.47,5966.51,1573.76,1311.49,41476.12,74.62
81333.49,8720.28,6491.88,18684.11,2912.05,1360.27,43164.91,72.27
83385.91,14210.78,6347.85,2177.86,2172.35,724.68,57752.39,82.73
87643.18,18070.32,3280.49,48.31,813.12,983.11,64447.83,88.26
72974.2,20886.53,1830.69,678.95,2590.1,21.48,46966.45,87.93
56657.64,8299.75,2470.12,2994.55,698.51,41.99,42152.73,77.47
62934.27,1236.03,5079.91,2979.79,2430.08,1633.27,49575.18,82.51
84130.18,9391.36,5385.17,6522.32,3624.83,646.0,58560.5,84.59
43661.29,7420.38,2640.73,639.36,1785.71,155.9,31019.2,79.84
67373.47,6187.62,3049.04,4858.86,314.43,673.16,52290.36,90.36
52133.22,10128.61,6026.09,3035.98,1442.11,268.8,31231.63,72.64
60574.9,2563.15,6652.62,1180.64,2479.27,2363.48,45335.75,78.01
85569.04,27527.79,4701.33,3373.69,734.12,2266.45,46965.65,81.39
63821.98,5734.57,1344.83,508.4,612.93,1781.77,53839.49,85.64
60928.73,3017.36,8261.66,1835.51,44.63,306.78,47462.79,83.95
32802.88,2165.23,4557.7,3493.98,1136.37,1100.45,20349.14,71.73
74925.07,18226.43,7737.03,2048.39,1419.75,327.07,45166.4,80.24
72909.68,5181.95,3480.18,6670.79,2922.18,2892.86,51761.71,75.36
103265.09,16539.07,6034.45,4606.74,962.48,1821.9,73300.45,80.43
53844.44,15708.83,4666.83,573.55,1132.7,1723.83,30038.69,58.46
64383.01,4113.07,3330.58,2801.1,821.56,759.0,52557.69,79.95
64987.67,16609.68,4490.87,2291.42,116.51,1834.96,39644.23,79.56
91549.07,18710.54,2376.08,2327.93,815.98,1704.69,65613.85,82.06
58094.09,1180.16,5382.82,370.1,207.9,67.27,50885.83,80.23
65580.43,14375.26,5396.76,1767.62,2313.82,528.18,41198.79,82.83
72157.93,16001.99,3837.56,272.56,3851.34,521.28,47673.21,78.34
63732.18,1144.95,1395.68,331.39,1649.12,999.38,58211.67,95.38
51071.33,6638.49,2110.46,1373.08,1095.09,200.68,39653.53,84.45
63881.8,9214.81,1740.23,1163.9,369.42,4811.58,46581.86,80.5
81472.63,8516.69,6942.05,10581.47,1672.93,1131.49,52628.01,87.16
39469.69,3652.98,2146.31,929.77,147.85,678.37,31914.42,78.42
62659.39,2251.9,5536.5,4443.28,1401.15,1165.32,47861.25,75.34
45997.58,7997.24,693.19,1737.67,1815.93,111.82,33641.73,85.85
83900.93,500.0,7333.29,5108.25,3018.16,3250.17,64691.07,86.25
29536.26,3998.58,2027.11,444.91,196.65,694.1,22174.92,83.95
48821.56,5032.77,3762.17,6946.52,694.27,1292.46,31093.38,78.76
67544.24,7949.6,2177.33,2550.51,802.48,1028.35,53035.97,90.38
91310.48,16905.16,5091.16,8125.61,1951.56,1032.89,58204.1,76.07
58684.99,6086.82,3103.27,1332.74,955.02,2858.61,44348.53,79.15
48896.01,8116.76,4202.82,258.16,2219.2,280.36,33818.72,75.56
97623.14,11888.37,2232.84,5466.77,1766.9,7036.13,69232.14,81.2
31039.72,2839.03,812.18,12.09,877.27,379.98,26119.18,72.93
16023.88,2126.76,399.68,516.7,306.94,703.31,11970.49,76.3
68800.29,12772.68,1521.38,736.8,2567.76,1219.56,49982.11,83.89
49958.92,8476.61,1186.07,2465.93,961.49,89.74,36779.08,75.04
39575.34,500.0,2218.07,7684.4,2987.68,1516.1,24669.08,68.32
74167.13,13722.41,4849.06,2315.4,1204.18,804.32,51271.76,78.39
64876.01,10034.07,1453.27,5517.69,306.63,3680.66,43883.69,81.47
48718.43,837.39,2755.55,1726.67,551.06,2378.74,40469.0,76.72
34393.91,7017.56,2287.34,1177.75,314.1,697.72,22899.43,85.75
77449.15,11110.49,6806.31,10321.37,1311.76,338.03,47561.19,69.81
73004.02,22899.79,831.8,8055.87,1015.97,1454.31,38746.29,69.68
58016.48,3771.16,3916.2,4469.73,607.7,213.98,45037.72,86.52
96932.74,17852.57,6498.98,1702.82,4819.96,1760.13,64298.28,85.06
38598.3,3991.41,2239.56,1519.76,404.76,2410.77,28032.04,81.31
29489.5,7398.33,1055.34,373.74,764.9,122.87,19774.32,70.34
46161.84,5932.84,1076.56,1354.47,1042.89,575.66,36179.41,77.49
59088.28,17848.62,1030.21,1956.0,1582.54,2682.18,33988.73,68.64
64866.79,2544.99,5326.65,5778.5,1032.33,1073.78,49110.54,79.17
55175.28,8154.76,1079.51,6244.84,910.19,852.06,37933.92,78.93
67041.11,12351.58,1514.87,1795.01,2753.51,950.81,47675.32,74.84
34969.21,6873.32,2198.0,31.23,416.97,306.29,25143.4,67.52
88875.29,23515.8,685.67,8793.61,1858.97,1621.38,52399.87,82.32
58356.98,9044.33,4418.71,558.76,1357.11,470.35,42507.71,78.07
82345.92,2337.64,3411.37,4004.27,2259.04,2936.8,67396.8,88.71
66854.51,5197.95,5455.36,84.53,3242.55,1234.11,51640.0,80.04
69135.06,3283.71,2488.82,1762.96,575.23,1214.24,59810.11,88.23
71395.35,23541.28,3644.29,15228.15,1771.87,428.76,26781.0,77.77
68954.17,8099.69,4775.5,365.91,1571.0,1833.87,52308.2,75.52
72854.46,7375.72,7511.24,2007.56,3518.6,2246.58,50194.74,74.95
86583.05,14771.0,3422.54,1588.55,2376.83,2184.6,62239.54,76.91
63930.42,11868.46,2197.53,7527.19,1362.83,585.71,40388.71,86.18
74180.08,9565.68,1836.98,7548.41,2417.72,841.69,51969.6,79.35
58205.29,9558.37,3264.33,789.88,824.28,580.13,43188.3,83.94
88802.34,18636.59,7606.41,375.96,2152.08,1587.18,58444.13,65.99
46472.15,3040.24,3643.85,2292.35,764.89,587.94,36142.89,81.63
96018.81,15723.36,8010.45,1968.52,4252.62,950.08,65113.78,78.92
59196.84,9147.88,5274.53,3300.22,382.83,4905.16,36186.22,81.31
31384.5,6956.31,1196.72,51.23,926.38,474.15,21779.71,78.19
62562.09,14137.59,219.94,447.87,2775.51,1245.4,43735.78,76.12
46378.97,4095.84,1805.51,2688.93,879.19,1966.2,34943.3,86.67
76812.87,2545.95,6477.46,916.87,2502.39,1044.48,63325.73,93.02
46947.52,6245.35,1308.94,4575.1,123.55,689.95,34004.62,85.2
51076.33,8941.83,4258.8,154.19,1765.55,3351.91,32604.04,78.45
22209.19,5731.04,1214.25,269.49,900.89,435.45,13658.08,69.43
50953.87,2794.96,3010.98,16670.29,923.91,557.41,26996.33,71.45
11522.41,500.0,961.86,326.97,227.4,586.7,8919.49,74.03
28321.94,1877.14,1189.86,1719.01,610.73,811.33,22113.88,79.17
75208.29,2193.37,7865.96,758.49,725.17,1746.12,61919.19,81.48
75716.0,12319.09,4599.24,3563.47,697.65,38.68,54497.89,79.51
68509.15,9886.03,7748.05,4436.02,2727.87,749.88,42961.31,86.65
40660.48,7180.29,2459.73,767.61,648.21,328.56,29276.07,78.42
59045.77,3955.75,2323.24,5212.24,1218.74,2786.64,43549.17,77.26
59927.95,12188.91,5177.94,2771.28,1557.8,877.27,37354.74,69.42
36832.71,2878.37,2299.18,907.67,1319.42,827.8,28600.27,78.24
90067.97,13373.22,1709.29,3673.14,2173.62,1705.93,67432.77,86.68
77547.25,24947.01,8401.82,3333.83,650.67,2298.8,37915.13,72.0
55580.72,3949.61,3764.99,502.91,270.79,1458.38,45634.05,82.13
60537.72,5054.82,6343.78,1560.03,2123.45,1854.61,43601.04,80.99
64167.66,4161.16,4088.59,1349.85,3212.75,2764.78,48590.52,82.68
19165.3,1708.46,600.1,490.95,175.98,21.3,16168.5,83.19
55056.45,4700.87,3719.44,3941.37,431.83,590.81,41672.15,83.44
46360.32,4294.47,3343.76,1527.16,1836.54,1501.31,33857.08,77.41
39967.6,4375.08,1442.49,5632.82,971.93,101.1,27444.18,74.77
54377.99,9197.36,2371.72,945.31,3843.69,2235.66,35784.25,75.76
95953.73,22090.92,5209.58,2578.02,1112.99,2870.65,62091.57,82.28
72816.86,10962.66,7661.46,5629.69,609.58,978.3,46975.17,82.69
48576.42,5852.96,554.39,1918.07,93.15,1675.2,38482.65,78.86
71451.66,1495.46,3638.74,2829.22,1237.73,2751.31,59499.19,83.64
